id_cliente,nombre,apellido,sexo,correo,telefono,pais
1,Shana,Pawlett,Femenino,spawlett0@merriam-webster.com,717-311-7581,Colombia
2,Ulrika,Frankel,Masculino,ufrankel1@yahoo.co.jp,179-470-3863,Colombia
3,Anabelle,Bramwich,Femenino,abramwich2@ehow.com,379-585-7628,Colombia
4,Alic,Turpie,Masculino,aturpie3@diigo.com,276-546-8353,Argentina
5,Enrica,Twelvetree,Otro,etwelvetree4@trellian.com,896-558-9107,Peru
6,Archibaldo,Cheeke,Femenino,acheeke5@salon.com,865-551-4293,Peru
7,Luther,Rahl,Otro,lrahl6@psu.edu,939-152-3973,Peru
8,Suzi,Wehner,Femenino,swehner7@pcworld.com,301-905-6583,Venezuela
9,Theressa,Cancutt,Femenino,tcancutt8@cmu.edu,805-229-4036,Colombia
10,Mariquilla,Rhymer,Masculino,mrhymer9@ucoz.ru,380-346-8790,Venezuela
11,Luz,Rabbatts,Otro,lrabbattsa@archive.org,554-482-9950,Mexico
12,Juieta,Rosoman,Masculino,jrosomanb@wufoo.com,674-988-1855,Colombia
13,Bud,Carine,Masculino,bcarinec@dot.gov,716-745-2820,Colombia
14,Tilly,Sandcroft,Otro,tsandcroftd@mtv.com,532-664-6120,Peru
15,Edmund,Witling,Otro,ewitlinge@hhs.gov,894-161-8964,Peru
16,Lucias,Seers,Otro,lseersf@wp.com,649-373-2770,Peru
17,Kennith,Vanyard,Masculino,kvanyardg@usatoday.com,447-344-1243,Colombia
18,Redford,Whitebrook,Femenino,rwhitebrookh@elpais.com,526-691-9674,Chile
19,Cullie,Phateplace,Masculino,cphateplacei@icio.us,873-926-6665,Peru
20,Vinni,Alsford,Masculino,valsfordj@tripod.com,958-985-9853,Argentina
21,Ursala,Rich,Femenino,urichk@admin.ch,556-147-4721,Argentina
22,Baxter,Beevors,Masculino,bbeevorsl@businessinsider.com,187-774-8226,Colombia
23,Mame,Ackenson,Masculino,mackensonm@pcworld.com,425-939-6248,Venezuela
24,Beauregard,Gunthorp,Masculino,bgunthorpn@oracle.com,868-329-5657,Argentina
25,Gonzales,Varfolomeev,Masculino,gvarfolomeevo@yellowbook.com,289-438-4467,Colombia
26,Adamo,Wield,Femenino,awieldp@webnode.com,876-887-9732,Colombia
27,Annissa,Cass,Otro,acassq@facebook.com,949-216-5522,Venezuela
28,Nickey,Primett,Masculino,nprimettr@paypal.com,419-987-3784,Colombia
29,Ame,Melloy,Otro,amelloys@boston.com,449-858-9467,Colombia
30,Lidia,Neeves,Otro,lneevest@geocities.jp,664-135-4798,Mexico
31,Elsy,Iuorio,Femenino,eiuoriou@ifeng.com,300-901-4255,Colombia
32,Montague,Bizzey,Femenino,mbizzeyv@google.es,431-989-5349,Argentina
33,Valerye,Follacaro,Femenino,vfollacarow@wikia.com,100-979-4356,Peru
34,Berry,Nanelli,Otro,bnanellix@paypal.com,922-425-2519,Mexico
35,Yard,Tear,Masculino,yteary@paypal.com,480-634-8950,Colombia
36,Effie,Elion,Femenino,eelionz@webs.com,626-906-5384,Mexico
37,Maisie,Goforth,Femenino,mgoforth10@earthlink.net,606-337-3853,Chile
38,Bart,Berryann,Femenino,bberryann11@ox.ac.uk,638-466-6564,Peru
39,Deeann,Robardey,Otro,drobardey12@unblog.fr,617-349-2072,Argentina
40,Minetta,Jedrachowicz,Otro,mjedrachowicz13@bbb.org,547-773-0994,Argentina
41,Nickolas,Pensom,Otro,npensom14@squidoo.com,371-595-1599,Peru
42,Sonny,McMains,Otro,smcmains15@shop-pro.jp,656-725-9846,Peru
43,Josefina,Libermore,Femenino,jlibermore16@de.vu,735-399-9609,Peru
44,Wolfgang,Dodding,Masculino,wdodding17@posterous.com,223-240-9733,Colombia
45,Robers,Groveham,Femenino,rgroveham18@icio.us,621-261-8012,Argentina
46,Cherri,Niles,Femenino,cniles19@cmu.edu,822-322-0956,Chile
47,Symon,Hanrott,Otro,shanrott1a@ihg.com,171-150-0457,Colombia
48,Storm,Bakeup,Otro,sbakeup1b@cafepress.com,970-949-4340,Peru
49,Dunstan,Jaze,Masculino,djaze1c@mysql.com,494-722-2234,Venezuela
50,Velvet,Coonan,Masculino,vcoonan1d@ameblo.jp,399-374-7967,Mexico
51,Fran,McEnteggart,Otro,fmcenteggart1e@blogtalkradio.com,351-402-8529,Colombia
52,Lindsay,Chaney,Femenino,lchaney1f@army.mil,402-438-4870,Colombia
53,Lauren,Aiers,Masculino,laiers1g@sakura.ne.jp,395-596-8461,Colombia
54,Starlene,Gaymer,Masculino,sgaymer1h@posterous.com,515-481-4188,Mexico
55,Haslett,Dood,Masculino,hdood1i@surveymonkey.com,940-193-4368,Colombia
56,Beatrisa,Stockey,Masculino,bstockey1j@go.com,193-761-9459,Colombia
57,Dareen,Essex,Otro,dessex1k@arizona.edu,348-433-7071,Argentina
58,Birgitta,Goodding,Masculino,bgoodding1l@histats.com,554-139-1179,Mexico
59,Jaine,Rathborne,Femenino,jrathborne1m@indiegogo.com,476-150-3576,Peru
60,Berkie,Just,Otro,bjust1n@springer.com,141-899-7613,Mexico
61,Andras,Bramall,Femenino,abramall1o@freewebs.com,157-744-4008,Colombia
62,Arther,Hadcock,Masculino,ahadcock1p@fc2.com,846-307-0706,Peru
63,Dew,Folomin,Femenino,dfolomin1q@epa.gov,992-674-3645,Argentina
64,Urson,Yarn,Masculino,uyarn1r@nationalgeographic.com,359-563-5098,Peru
65,Aurore,Ixor,Femenino,aixor1s@cnn.com,110-797-1137,Argentina
66,Sosanna,Filoniere,Masculino,sfiloniere1t@ca.gov,296-653-9006,Peru
67,Neille,Physic,Otro,nphysic1u@canalblog.com,199-204-7751,Mexico
68,Rey,McDowall,Otro,rmcdowall1v@goo.gl,989-209-0138,Colombia
69,Smith,Pettiward,Femenino,spettiward1w@icio.us,125-780-5262,Colombia
70,Peder,Byforth,Otro,pbyforth1x@shutterfly.com,843-891-3380,Argentina
71,Case,Pawels,Masculino,cpawels1y@npr.org,617-851-3998,Peru
72,Valentijn,Sporton,Femenino,vsporton1z@wisc.edu,390-510-1439,Colombia
73,Roldan,Spurritt,Femenino,rspurritt20@ft.com,609-831-6578,Chile
74,Fianna,Gingle,Femenino,fgingle21@amazonaws.com,947-632-5624,Peru
75,Malorie,Hulse,Masculino,mhulse22@businessweek.com,488-448-2858,Peru
76,Irina,Zarfai,Masculino,izarfai23@cargocollective.com,554-921-6147,Chile
77,Jacquelyn,Woodger,Otro,jwoodger24@sitemeter.com,741-672-5507,Colombia
78,Yalonda,Coupman,Femenino,ycoupman25@creativecommons.org,957-298-6483,Colombia
79,Corilla,Loache,Otro,cloache26@gizmodo.com,743-122-8471,Argentina
80,Starr,Doogood,Otro,sdoogood27@hugedomains.com,238-632-4082,Colombia
81,Merrile,Garnul,Femenino,mgarnul28@typepad.com,796-440-3428,Venezuela
82,Isidro,Fabri,Otro,ifabri29@google.com.au,963-563-8921,Mexico
83,Pansie,Macro,Femenino,pmacro2a@nydailynews.com,493-525-0965,Mexico
84,Ivor,Fellini,Otro,ifellini2b@mayoclinic.com,306-947-8569,Colombia
85,Hugh,Esby,Femenino,hesby2c@gmpg.org,982-892-9628,Mexico
86,Neall,Vanichkov,Femenino,nvanichkov2d@fda.gov,160-933-3000,Peru
87,Jonis,Punch,Otro,jpunch2e@prweb.com,117-163-0148,Argentina
88,Hubie,Chetwin,Femenino,hchetwin2f@wikimedia.org,797-983-5620,Argentina
89,Judy,Pryn,Otro,jpryn2g@cyberchimps.com,127-338-2859,Colombia
90,Stefanie,Jaram,Otro,sjaram2h@harvard.edu,898-593-5649,Mexico
91,Hartwell,Ganter,Femenino,hganter2i@angelfire.com,412-592-4317,Colombia
92,Roch,Tortoishell,Otro,rtortoishell2j@bandcamp.com,398-285-6870,Mexico
93,Francoise,Spavins,Otro,fspavins2k@plala.or.jp,358-228-2750,Mexico
94,Muire,Cufley,Masculino,mcufley2l@google.com.br,340-165-3127,Colombia
95,Pyotr,Stanyland,Masculino,pstanyland2m@godaddy.com,636-756-8631,Colombia
96,Don,Hinge,Otro,dhinge2n@auda.org.au,936-436-1352,Argentina
97,Bernard,Tressler,Masculino,btressler2o@sina.com.cn,568-156-2246,Colombia
98,Molly,Vaugham,Femenino,mvaugham2p@columbia.edu,347-104-2712,Argentina
99,Carolynn,Birchwood,Masculino,cbirchwood2q@linkedin.com,303-981-5304,Argentina
100,Eloisa,Pozer,Femenino,epozer2r@patch.com,667-182-7694,Venezuela
101,Evan,Bilovsky,Masculino,ebilovsky2s@nps.gov,554-243-5205,Mexico
102,Pansie,Goodrum,Otro,pgoodrum2t@nymag.com,129-936-6034,Argentina
103,Jaime,Sprackling,Femenino,jsprackling2u@github.com,686-632-2984,Colombia
104,Zena,Bracco,Otro,zbracco2v@cpanel.net,640-912-2958,Mexico
105,Clemence,Ellse,Femenino,cellse2w@prlog.org,289-432-5182,Venezuela
106,Elga,Shortcliffe,Femenino,eshortcliffe2x@simplemachines.org,346-509-0808,Peru
107,Pris,Baroc,Femenino,pbaroc2y@facebook.com,708-474-6996,Mexico
108,Welch,Ragbourn,Masculino,wragbourn2z@bbc.co.uk,630-171-5541,Peru
109,Wyatt,Vollam,Otro,wvollam30@php.net,733-980-6017,Mexico
110,Dylan,Caistor,Femenino,dcaistor31@google.ru,957-492-4530,Mexico
111,Mendel,Wilber,Otro,mwilber32@vinaora.com,227-555-9102,Peru
112,Nicolea,Klimecki,Otro,nklimecki33@cbslocal.com,824-467-1089,Chile
113,Ada,Parris,Femenino,aparris34@opensource.org,185-165-9915,Chile
114,Linn,Louys,Otro,llouys35@illinois.edu,135-438-1638,Colombia
115,Nickie,Rookledge,Masculino,nrookledge36@cloudflare.com,511-255-7058,Chile
116,Celie,Fitzpatrick,Masculino,cfitzpatrick37@columbia.edu,340-488-1591,Colombia
117,Jarrett,Vyvyan,Otro,jvyvyan38@furl.net,823-224-0722,Peru
118,Veronike,Dearan,Femenino,vdearan39@homestead.com,477-431-0520,Peru
119,Moise,Arkin,Femenino,markin3a@dropbox.com,802-966-8662,Argentina
120,Cherilyn,Tures,Femenino,ctures3b@pbs.org,847-170-3895,Mexico
121,Laney,Jervois,Masculino,ljervois3c@php.net,101-561-3028,Venezuela
122,Sherrie,Verrick,Masculino,sverrick3d@chron.com,848-851-1432,Peru
123,Edwin,Elsley,Femenino,eelsley3e@symantec.com,101-636-7138,Chile
124,Jake,Holstein,Femenino,jholstein3f@delicious.com,851-859-2108,Argentina
125,Desmond,Shannahan,Masculino,dshannahan3g@theguardian.com,924-186-7816,Mexico
126,Francois,Goolden,Femenino,fgoolden3h@yellowbook.com,687-561-9240,Mexico
127,Erhard,Sedgwick,Otro,esedgwick3i@npr.org,432-402-5799,Peru
128,Lottie,Assiter,Femenino,lassiter3j@gov.uk,405-690-0197,Argentina
129,Nanine,Radloff,Femenino,nradloff3k@comcast.net,380-368-3245,Peru
130,Antonino,Slader,Otro,aslader3l@latimes.com,116-716-8174,Colombia
131,Nichole,Patey,Otro,npatey3m@youku.com,579-313-1772,Colombia
132,Obadiah,Seid,Femenino,oseid3n@naver.com,229-649-1126,Colombia
133,Anthiathia,Skatcher,Femenino,askatcher3o@whitehouse.gov,179-755-4848,Colombia
134,Audrie,McVanamy,Masculino,amcvanamy3p@un.org,363-151-4562,Chile
135,Jarvis,Whitwam,Masculino,jwhitwam3q@abc.net.au,886-630-4600,Colombia
136,Selena,Lehrle,Masculino,slehrle3r@mapquest.com,544-300-5030,Venezuela
137,Corey,Valentelli,Masculino,cvalentelli3s@go.com,952-238-6380,Peru
138,Kandace,Hughes,Masculino,khughes3t@cpanel.net,580-261-6688,Peru
139,Man,Heffernan,Masculino,mheffernan3u@dyndns.org,193-859-5843,Peru
140,Kathrine,Tirone,Masculino,ktirone3v@techcrunch.com,441-834-9691,Peru
141,Andrea,De Mitris,Femenino,ademitris3w@webs.com,954-665-3128,Argentina
142,Roanne,Sprowell,Masculino,rsprowell3x@issuu.com,547-988-7035,Peru
143,Diana,McEnery,Masculino,dmcenery3y@1688.com,609-456-0195,Colombia
144,Tito,Orth,Masculino,torth3z@state.tx.us,693-999-4586,Mexico
145,Marrissa,Tong,Femenino,mtong40@acquirethisname.com,604-902-1811,Mexico
146,Banky,Dymick,Masculino,bdymick41@nsw.gov.au,795-996-3910,Peru
147,Wendall,Casotti,Otro,wcasotti42@hibu.com,919-568-3618,Colombia
148,Andeee,Picton,Femenino,apicton43@privacy.gov.au,107-464-4343,Argentina
149,Sharia,Tesseyman,Femenino,stesseyman44@dagondesign.com,156-143-9230,Peru
150,Fonzie,Haversum,Femenino,fhaversum45@intel.com,268-909-6165,Argentina
151,Raine,Hamments,Masculino,rhamments46@dell.com,483-395-4078,Colombia
152,Catha,Rouke,Femenino,crouke47@ask.com,767-508-8082,Mexico
153,Dame,Tunmore,Masculino,dtunmore48@privacy.gov.au,437-425-1569,Colombia
154,Barrie,Rival,Otro,brival49@bloglines.com,201-897-3534,Peru
155,Wolfgang,McWhorter,Otro,wmcwhorter4a@tiny.cc,356-189-8182,Peru
156,Dusty,Reddoch,Masculino,dreddoch4b@dyndns.org,594-196-1709,Argentina
157,Aigneis,Duprey,Masculino,aduprey4c@berkeley.edu,752-497-8856,Peru
158,Kendall,Malletratt,Femenino,kmalletratt4d@bloglines.com,671-117-1345,Argentina
159,Krystle,Clink,Femenino,kclink4e@sun.com,607-707-7309,Colombia
160,Mellie,Akerman,Otro,makerman4f@netscape.com,344-370-1195,Argentina
161,Rab,Pietz,Femenino,rpietz4g@google.com.au,445-909-5713,Argentina
162,Fredi,Crowdson,Otro,fcrowdson4h@columbia.edu,821-917-8571,Colombia
163,Barnie,Kingshott,Femenino,bkingshott4i@ox.ac.uk,235-860-6717,Argentina
164,Von,Braysher,Femenino,vbraysher4j@google.com.br,401-264-4972,Mexico
165,Venita,Tatford,Masculino,vtatford4k@wix.com,674-601-3853,Mexico
166,Brandyn,Charrette,Femenino,bcharrette4l@miibeian.gov.cn,554-614-3557,Colombia
167,Bartholomew,Padmore,Masculino,bpadmore4m@ucoz.ru,622-594-3225,Argentina
168,Claiborn,Head,Otro,chead4n@fotki.com,773-774-3557,Mexico
169,Johann,Drinan,Femenino,jdrinan4o@mapquest.com,977-342-6526,Peru
170,Casar,Phythian,Otro,cphythian4p@businesswire.com,541-777-9980,Chile
171,Raddie,Moisey,Femenino,rmoisey4q@prlog.org,724-744-3804,Colombia
172,Laura,Rummin,Otro,lrummin4r@mozilla.com,646-629-1721,Colombia
173,Nicolette,Tatlowe,Otro,ntatlowe4s@cocolog-nifty.com,456-606-2015,Argentina
174,Melli,Chicchelli,Masculino,mchicchelli4t@storify.com,912-416-0510,Peru
175,Innis,Balam,Masculino,ibalam4u@npr.org,725-584-6248,Peru
176,Diane,Defew,Femenino,ddefew4v@livejournal.com,831-908-0235,Colombia
177,Wilma,Jekyll,Femenino,wjekyll4w@ask.com,208-327-9551,Peru
178,Bondon,Rembrandt,Otro,brembrandt4x@psu.edu,478-610-4516,Argentina
179,Cello,Soden,Femenino,csoden4y@dyndns.org,829-189-9452,Argentina
180,Falito,Kettleson,Femenino,fkettleson4z@ow.ly,787-676-7054,Peru
181,Carmelia,Loughton,Otro,cloughton50@t-online.de,308-385-9086,Peru
182,Brandice,Cornfoot,Femenino,bcornfoot51@redcross.org,880-673-9298,Mexico
183,Casey,Savary,Otro,csavary52@github.io,404-837-0109,Argentina
184,Cristobal,Siseland,Masculino,csiseland53@wsj.com,171-773-1755,Peru
185,Donica,Treffrey,Otro,dtreffrey54@xing.com,225-333-5500,Chile
186,Nickie,Wooton,Otro,nwooton55@wikispaces.com,681-705-0691,Colombia
187,Raffarty,Mateescu,Femenino,rmateescu56@ibm.com,225-810-4059,Venezuela
188,Carrie,Hearson,Femenino,chearson57@bloglovin.com,231-826-3995,Peru
189,Justin,Halbeard,Femenino,jhalbeard58@1und1.de,400-812-6881,Venezuela
190,Joice,Hutchcraft,Femenino,jhutchcraft59@ted.com,685-188-0813,Colombia
191,Rozalin,Albrighton,Femenino,ralbrighton5a@sina.com.cn,880-221-4214,Peru
192,Shelagh,Jumonet,Masculino,sjumonet5b@adobe.com,628-652-9790,Mexico
193,Anthea,Everest,Otro,aeverest5c@dot.gov,771-890-6838,Chile
194,Selestina,Docker,Otro,sdocker5d@un.org,518-573-6899,Mexico
195,Ives,Halsall,Masculino,ihalsall5e@amazon.co.uk,561-789-1202,Chile
196,Nomi,Milillo,Femenino,nmilillo5f@hhs.gov,140-442-7938,Colombia
197,Sam,Ballchin,Otro,sballchin5g@sohu.com,509-129-9936,Mexico
198,Valeda,Burgh,Otro,vburgh5h@exblog.jp,932-531-4311,Peru
199,Adaline,Eilhertsen,Masculino,aeilhertsen5i@shareasale.com,500-538-3232,Chile
200,Thurston,Burke,Otro,tburke5j@goodreads.com,465-771-1436,Peru
201,Jessalin,Jakoubec,Otro,jjakoubec5k@cbsnews.com,813-741-1937,Venezuela
202,Dena,Doudny,Femenino,ddoudny5l@addtoany.com,613-288-0419,Mexico
203,Elle,Hellen,Otro,ehellen5m@google.co.jp,592-241-4706,Peru
204,Toby,Furse,Otro,tfurse5n@nymag.com,598-825-7754,Argentina
205,Christopher,Goodbar,Masculino,cgoodbar5o@yale.edu,313-714-6667,Mexico
206,Miriam,Castanos,Femenino,mcastanos5p@berkeley.edu,704-661-5609,Peru
207,Sargent,MacAne,Otro,smacane5q@blogs.com,209-522-8979,Colombia
208,Harlene,Battey,Femenino,hbattey5r@vkontakte.ru,371-223-6587,Colombia
209,Ezra,Grahamslaw,Otro,egrahamslaw5s@webeden.co.uk,319-720-6938,Colombia
210,Tonie,De Angelis,Masculino,tdeangelis5t@prlog.org,694-453-8950,Peru
211,Smitty,Haughian,Femenino,shaughian5u@google.com.br,324-270-1255,Mexico
212,Christel,Rulten,Masculino,crulten5v@cnet.com,355-252-0858,Mexico
213,Gerick,Plumridege,Otro,gplumridege5w@slate.com,547-769-3024,Chile
214,Abbye,Luddy,Femenino,aluddy5x@shutterfly.com,511-257-2523,Peru
215,Lindy,Maestrini,Femenino,lmaestrini5y@purevolume.com,531-736-3942,Mexico
216,Patrizius,Oleksiak,Femenino,poleksiak5z@sitemeter.com,746-626-5625,Argentina
217,Nara,Clowes,Masculino,nclowes60@dailymail.co.uk,196-958-2227,Venezuela
218,Anet,Burgise,Femenino,aburgise61@epa.gov,567-958-9652,Chile
219,Estella,Kestin,Otro,ekestin62@nationalgeographic.com,420-293-4380,Colombia
220,Shanta,Dorre,Masculino,sdorre63@amazon.co.jp,176-167-1175,Mexico
221,Clotilda,Dougill,Otro,cdougill64@si.edu,449-949-9619,Mexico
222,Winnah,Sydry,Masculino,wsydry65@uiuc.edu,518-510-8549,Mexico
223,Levin,Kloisner,Masculino,lkloisner66@addtoany.com,388-554-2376,Peru
224,Ugo,Corner,Masculino,ucorner67@behance.net,120-433-5729,Colombia
225,Dagmar,McGourty,Femenino,dmcgourty68@edublogs.org,940-356-6468,Argentina
226,Marchelle,Capstack,Femenino,mcapstack69@arizona.edu,277-933-9350,Argentina
227,Reade,Westover,Femenino,rwestover6a@merriam-webster.com,838-554-5629,Colombia
228,Martguerita,Smedmoor,Femenino,msmedmoor6b@census.gov,807-635-8469,Peru
229,Claus,Bosket,Otro,cbosket6c@disqus.com,498-258-4402,Mexico
230,Stefano,Mendel,Masculino,smendel6d@slideshare.net,862-299-7997,Colombia
231,Thaine,Botwood,Masculino,tbotwood6e@tamu.edu,114-965-7244,Mexico
232,Shayne,Aneley,Masculino,saneley6f@networkadvertising.org,713-766-7325,Argentina
233,Efrem,Hatchett,Femenino,ehatchett6g@dailymotion.com,221-312-6897,Peru
234,Brett,Hamley,Masculino,bhamley6h@addtoany.com,805-159-4794,Peru
235,Elisabetta,Fear,Masculino,efear6i@quantcast.com,842-756-2953,Chile
236,Emmerich,Lawton,Otro,elawton6j@economist.com,567-946-9720,Venezuela
237,Erik,Houndesome,Femenino,ehoundesome6k@booking.com,685-570-6199,Peru
238,Eward,Charlton,Otro,echarlton6l@xing.com,921-670-4228,Mexico
239,Gallard,Janaszewski,Otro,gjanaszewski6m@hc360.com,610-406-1675,Colombia
240,Suzette,Hawtry,Masculino,shawtry6n@tripod.com,108-800-1752,Venezuela
241,Elfrieda,Sadd,Femenino,esadd6o@yellowbook.com,635-653-8302,Peru
242,Burtie,Ganniclifft,Otro,bganniclifft6p@booking.com,377-326-4418,Colombia
243,Wandie,Cowhig,Femenino,wcowhig6q@naver.com,583-771-5842,Argentina
244,Arlee,Strangwood,Otro,astrangwood6r@alibaba.com,294-683-5165,Argentina
245,Rivkah,Caldecot,Otro,rcaldecot6s@trellian.com,142-403-8718,Argentina
246,Scarlett,Dillow,Otro,sdillow6t@cnbc.com,665-808-1509,Argentina
247,Der,Esslemont,Otro,desslemont6u@com.com,392-159-4193,Argentina
248,Chiquia,Ewbanke,Otro,cewbanke6v@google.it,703-383-8197,Colombia
249,Nettie,Windus,Femenino,nwindus6w@ebay.com,836-103-6443,Chile
250,Lilith,Veness,Masculino,lveness6x@amazon.com,206-741-7882,Venezuela
251,Marguerite,Leader,Otro,mleader6y@bing.com,793-710-1839,Peru
252,Pavla,Rowthorne,Masculino,prowthorne6z@cnn.com,580-537-1703,Peru
253,Jocko,Doogood,Masculino,jdoogood70@sitemeter.com,670-268-5403,Mexico
254,Owen,Housbie,Otro,ohousbie71@deviantart.com,791-669-4485,Colombia
255,Cordie,Abrahamoff,Otro,cabrahamoff72@techcrunch.com,783-934-4652,Argentina
256,Elissa,Hutchison,Femenino,ehutchison73@pagesperso-orange.fr,176-957-7831,Argentina
257,Adolph,Lavarack,Femenino,alavarack74@blinklist.com,719-346-4695,Argentina
258,Coraline,O'Feeney,Otro,cofeeney75@nytimes.com,181-853-0358,Argentina
259,Shermie,Robertazzi,Masculino,srobertazzi76@elpais.com,606-566-7282,Colombia
260,Cecilla,Patrick,Masculino,cpatrick77@tuttocitta.it,922-150-7676,Chile
261,Read,Draycott,Femenino,rdraycott78@qq.com,100-290-8635,Argentina
262,Dorothee,Szantho,Otro,dszantho79@unblog.fr,774-689-5064,Argentina
263,Terencio,Moscrop,Otro,tmoscrop7a@buzzfeed.com,108-868-5452,Argentina
264,Hynda,Howel,Masculino,hhowel7b@wired.com,264-308-3899,Colombia
265,Joann,Pavlov,Femenino,jpavlov7c@smh.com.au,633-139-5630,Mexico
266,Liva,Pelling,Masculino,lpelling7d@businessweek.com,592-339-6103,Colombia
267,Carrie,Headington,Otro,cheadington7e@tiny.cc,308-872-7211,Mexico
268,Tabbie,Lenton,Masculino,tlenton7f@privacy.gov.au,825-759-4203,Argentina
269,Andrea,Benedit,Masculino,abenedit7g@hatena.ne.jp,287-766-0396,Peru
270,Dougie,Rickeard,Masculino,drickeard7h@163.com,935-942-4847,Argentina
271,Phylis,Passler,Otro,ppassler7i@over-blog.com,893-273-5863,Peru
272,Gregor,Egiloff,Masculino,gegiloff7j@house.gov,542-720-8907,Argentina
273,Merrile,Rhydderch,Masculino,mrhydderch7k@bigcartel.com,990-438-8307,Venezuela
274,Bonni,Pemberton,Otro,bpemberton7l@uol.com.br,786-371-6461,Colombia
275,Gram,Brehat,Femenino,gbrehat7m@npr.org,842-157-4634,Colombia
276,Devin,Readwin,Femenino,dreadwin7n@globo.com,447-719-2219,Argentina
277,Charmane,Vasic,Otro,cvasic7o@disqus.com,455-766-2967,Argentina
278,Kelwin,Estable,Masculino,kestable7p@parallels.com,720-747-0946,Peru
279,Alix,Engeham,Masculino,aengeham7q@seattletimes.com,534-711-6880,Colombia
280,Arda,MacArdle,Masculino,amacardle7r@cbsnews.com,434-810-8732,Colombia
281,Joellen,Marple,Otro,jmarple7s@addtoany.com,148-908-2481,Argentina
282,Kathye,Medland,Masculino,kmedland7t@fc2.com,696-515-7504,Colombia
283,Oren,Shelford,Masculino,oshelford7u@pbs.org,786-872-0796,Peru
284,Tyrone,Simmings,Masculino,tsimmings7v@dropbox.com,989-353-4543,Mexico
285,Bartlet,Sparshott,Femenino,bsparshott7w@umn.edu,780-803-8180,Peru
286,Juliet,Erat,Masculino,jerat7x@ocn.ne.jp,138-388-9721,Mexico
287,Adam,Callar,Otro,acallar7y@wordpress.com,803-502-9628,Venezuela
288,Essy,Amy,Femenino,eamy7z@chron.com,538-353-5027,Mexico
289,Margi,Phillcox,Masculino,mphillcox80@alexa.com,585-845-7950,Colombia
290,Finlay,Mitkcov,Masculino,fmitkcov81@people.com.cn,440-824-3247,Peru
291,Joell,Goodyer,Otro,jgoodyer82@eepurl.com,283-589-0368,Argentina
292,Heinrik,Bolsteridge,Masculino,hbolsteridge83@marketwatch.com,616-419-7121,Argentina
293,Courtney,Han,Otro,chan84@noaa.gov,630-257-7678,Colombia
294,Adrienne,Jakucewicz,Masculino,ajakucewicz85@examiner.com,281-422-9905,Peru
295,Tremaine,Abbado,Femenino,tabbado86@dell.com,244-663-4017,Chile
296,Flynn,Mawditt,Otro,fmawditt87@soup.io,882-470-9187,Chile
297,Brand,Southwood,Masculino,bsouthwood88@godaddy.com,578-876-7500,Argentina
298,Kristo,Klein,Masculino,kklein89@gravatar.com,847-810-8034,Mexico
299,Tabatha,Zanneli,Otro,tzanneli8a@msn.com,245-761-0505,Peru
300,Hervey,McQuillin,Masculino,hmcquillin8b@pcworld.com,817-303-8417,Argentina
301,Lucy,Pinckney,Masculino,lpinckney8c@marriott.com,415-154-7088,Peru
302,Brigg,Braidon,Otro,bbraidon8d@washingtonpost.com,893-191-1822,Peru
303,Lynsey,Tyler,Masculino,ltyler8e@tiny.cc,673-643-9462,Colombia
304,Ezra,Fackney,Otro,efackney8f@angelfire.com,822-127-5169,Colombia
305,Nickolai,Rollinshaw,Otro,nrollinshaw8g@typepad.com,854-262-7208,Peru
306,Kirby,Casement,Otro,kcasement8h@ycombinator.com,243-469-3149,Mexico
307,Lemar,Barizeret,Femenino,lbarizeret8i@narod.ru,846-260-2814,Mexico
308,Stephanie,Ruppel,Femenino,sruppel8j@aol.com,946-588-4299,Peru
309,Aubrie,Cargen,Femenino,acargen8k@taobao.com,493-629-6083,Mexico
310,Ronda,Castledine,Masculino,rcastledine8l@creativecommons.org,730-896-2104,Colombia
311,Leicester,Madner,Otro,lmadner8m@fda.gov,436-554-9257,Chile
312,Joyce,Andrin,Femenino,jandrin8n@furl.net,146-348-8517,Colombia
313,Theodosia,Colliar,Masculino,tcolliar8o@oracle.com,305-202-6197,Venezuela
314,Marika,Dogg,Femenino,mdogg8p@qq.com,416-217-2299,Colombia
315,Darbee,Timoney,Masculino,dtimoney8q@last.fm,772-152-5206,Mexico
316,Gilligan,Rounsivall,Otro,grounsivall8r@geocities.jp,260-295-5212,Argentina
317,Tommy,Mielnik,Masculino,tmielnik8s@tamu.edu,394-833-8707,Peru
318,Lena,Brightwell,Otro,lbrightwell8t@lulu.com,672-663-4143,Argentina
319,Kariotta,Vasenin,Femenino,kvasenin8u@nationalgeographic.com,189-751-4106,Argentina
320,Ariel,Instone,Masculino,ainstone8v@newsvine.com,249-333-6382,Peru
321,Stanfield,Prinnett,Masculino,sprinnett8w@cnn.com,421-836-1065,Peru
322,Cobbie,Lydden,Otro,clydden8x@addtoany.com,175-623-8502,Mexico
323,Nadeen,Brimmacombe,Masculino,nbrimmacombe8y@google.com,735-320-4019,Colombia
324,Sheffy,Hickenbottom,Masculino,shickenbottom8z@1und1.de,879-408-9016,Mexico
325,Gaspard,Duffer,Femenino,gduffer90@networkadvertising.org,552-105-3593,Colombia
326,Nanon,Selcraig,Femenino,nselcraig91@google.it,399-799-5926,Peru
327,Elissa,Birchner,Femenino,ebirchner92@bbb.org,872-469-8664,Argentina
328,Sasha,Scinelli,Masculino,sscinelli93@netscape.com,672-449-1240,Argentina
329,Bob,Paxman,Masculino,bpaxman94@princeton.edu,920-641-6941,Argentina
330,Sybila,Tivolier,Femenino,stivolier95@devhub.com,440-175-5585,Mexico
331,Bernadine,Fredy,Femenino,bfredy96@oakley.com,884-239-2097,Peru
332,Martie,Margach,Masculino,mmargach97@360.cn,841-915-2516,Argentina
333,Jacquette,Molyneux,Otro,jmolyneux98@vimeo.com,765-587-2265,Argentina
334,Fabe,Agglione,Otro,fagglione99@home.pl,899-962-0176,Argentina
335,Silvio,Champken,Femenino,schampken9a@sbwire.com,373-335-5448,Peru
336,Teddie,Andriessen,Otro,tandriessen9b@archive.org,210-693-4732,Peru
337,Peder,Barts,Otro,pbarts9c@chron.com,646-700-7760,Mexico
338,Dickie,Martinon,Otro,dmartinon9d@xrea.com,390-825-7606,Peru
339,Madella,Lenormand,Otro,mlenormand9e@mapy.cz,153-263-0043,Chile
340,Lenard,Skyrme,Femenino,lskyrme9f@imgur.com,264-846-6847,Colombia
341,Antonina,Jozefiak,Masculino,ajozefiak9g@businesswire.com,967-461-3076,Peru
342,Stearne,Aguilar,Masculino,saguilar9h@zdnet.com,960-696-6078,Colombia
343,Olva,Lightoller,Otro,olightoller9i@123-reg.co.uk,322-300-8854,Colombia
344,Clemence,Jain,Masculino,cjain9j@dyndns.org,828-468-6676,Peru
345,Modestia,Rawls,Masculino,mrawls9k@thetimes.co.uk,968-177-1697,Argentina
346,Biron,Corwin,Otro,bcorwin9l@apache.org,330-824-0865,Peru
347,Berte,Odam,Masculino,bodam9m@squarespace.com,617-573-9056,Peru
348,Webster,Batho,Femenino,wbatho9n@prweb.com,373-419-2956,Peru
349,Elisabeth,Norsworthy,Masculino,enorsworthy9o@walmart.com,730-802-7008,Mexico
350,Alvan,Scolts,Masculino,ascolts9p@wordpress.org,390-574-3198,Peru
351,Gustav,Delany,Masculino,gdelany9q@mapquest.com,234-834-9095,Colombia
352,Joyann,Tapping,Femenino,jtapping9r@tripadvisor.com,324-868-3030,Peru
353,Bernelle,Bartlosz,Masculino,bbartlosz9s@ted.com,666-957-3979,Chile
354,Brandie,Goss,Otro,bgoss9t@csmonitor.com,780-416-3181,Colombia
355,Allie,Tothe,Otro,atothe9u@opera.com,318-739-9515,Peru
356,Blane,McRill,Femenino,bmcrill9v@imageshack.us,204-918-1306,Colombia
357,Rriocard,Broggio,Otro,rbroggio9w@diigo.com,229-201-7808,Colombia
358,Clevey,Boston,Femenino,cboston9x@patch.com,656-452-2023,Colombia
359,Lindsy,Paulat,Otro,lpaulat9y@123-reg.co.uk,550-745-4987,Mexico
360,Angie,Forsdyke,Femenino,aforsdyke9z@feedburner.com,273-260-1496,Argentina
361,Missie,Gillon,Otro,mgillona0@stanford.edu,574-473-1237,Peru
362,Allister,Scanlan,Femenino,ascanlana1@over-blog.com,726-586-1452,Peru
363,Kaylil,Calow,Femenino,kcalowa2@cnbc.com,749-450-7128,Argentina
364,Teddie,Stothard,Otro,tstotharda3@virginia.edu,349-898-4956,Colombia
365,Camey,Cowely,Femenino,ccowelya4@sogou.com,630-803-7121,Mexico
366,Moise,Morby,Masculino,mmorbya5@oaic.gov.au,925-769-0726,Argentina
367,Dorie,Coppens,Masculino,dcoppensa6@bravesites.com,208-848-2398,Venezuela
368,Nikolia,Campey,Otro,ncampeya7@mtv.com,597-222-1699,Peru
369,Vin,Feathers,Masculino,vfeathersa8@disqus.com,591-144-0913,Colombia
370,Bendicty,Webber,Otro,bwebbera9@huffingtonpost.com,411-151-2753,Peru
371,Matt,Andrick,Femenino,mandrickaa@admin.ch,440-891-8066,Peru
372,Ogdan,Aked,Femenino,oakedab@answers.com,272-295-1653,Venezuela
373,Matthaeus,Condict,Femenino,mcondictac@rambler.ru,463-728-9368,Venezuela
374,Carolan,Saintsbury,Otro,csaintsburyad@discovery.com,601-442-6970,Argentina
375,Guido,Josland,Masculino,gjoslandae@elegantthemes.com,719-608-3093,Colombia
376,Alyss,Mott,Masculino,amottaf@earthlink.net,305-988-4904,Colombia
377,Christin,Balcon,Femenino,cbalconag@phoca.cz,286-822-9618,Colombia
378,Vladimir,Grimsditch,Masculino,vgrimsditchah@naver.com,410-377-9386,Mexico
379,Dante,Coats,Masculino,dcoatsai@odnoklassniki.ru,119-599-1664,Colombia
380,Lorraine,Cham,Masculino,lchamaj@ihg.com,877-431-3112,Colombia
381,Abramo,Baylay,Femenino,abaylayak@delicious.com,903-648-8994,Venezuela
382,Taddeo,McCusker,Otro,tmccuskeral@naver.com,806-655-2173,Colombia
383,Clare,Grubey,Otro,cgrubeyam@sun.com,558-909-9202,Mexico
384,Celia,Stuckley,Otro,cstuckleyan@cornell.edu,138-780-0101,Argentina
385,Marco,Trase,Femenino,mtraseao@dagondesign.com,498-494-1222,Colombia
386,Wallis,Dutnall,Otro,wdutnallap@bbb.org,619-388-4171,Peru
387,Sela,Graveney,Masculino,sgraveneyaq@seattletimes.com,432-577-2596,Peru
388,Gerry,Nucci,Femenino,gnucciar@sfgate.com,713-974-9861,Argentina
389,Dennison,McLice,Femenino,dmcliceas@tumblr.com,347-987-0455,Colombia
390,Lotti,Bownd,Masculino,lbowndat@vkontakte.ru,954-226-6869,Peru
391,Kira,Darnborough,Femenino,kdarnboroughau@scientificamerican.com,877-996-4218,Colombia
392,Cecil,Wisam,Femenino,cwisamav@flavors.me,345-818-4530,Colombia
393,Con,Bradforth,Masculino,cbradforthaw@princeton.edu,241-586-4418,Argentina
394,Rosabel,Mathes,Femenino,rmathesax@parallels.com,935-225-4836,Peru
395,Carmita,Stenners,Femenino,cstennersay@unesco.org,471-148-1143,Peru
396,Cobby,Lundie,Otro,clundieaz@squidoo.com,458-911-9626,Mexico
397,Brigid,Pien,Otro,bpienb0@washingtonpost.com,343-604-6257,Colombia
398,Tarra,Renackowna,Otro,trenackownab1@va.gov,734-584-8573,Colombia
399,Lorrayne,Larder,Otro,llarderb2@nsw.gov.au,802-572-4496,Argentina
400,Lorilee,Enga,Otro,lengab3@ask.com,665-878-2423,Colombia
401,Taylor,Gulk,Femenino,tgulkb4@reverbnation.com,371-315-3883,Argentina
402,Dev,Wyss,Otro,dwyssb5@symantec.com,120-820-2277,Argentina
403,Anderea,Scammonden,Masculino,ascammondenb6@twitpic.com,266-332-5679,Peru
404,Oliviero,Bertram,Femenino,obertramb7@addthis.com,528-750-6444,Mexico
405,Gonzales,Segot,Otro,gsegotb8@google.cn,386-257-2594,Peru
406,Chelsy,Loble,Masculino,clobleb9@psu.edu,251-920-6078,Argentina
407,Fan,Berston,Masculino,fberstonba@vimeo.com,816-931-0065,Colombia
408,Roda,Hadeke,Femenino,rhadekebb@bandcamp.com,134-429-1548,Argentina
409,Helaina,Quickfall,Masculino,hquickfallbc@paypal.com,834-960-4183,Argentina
410,Candie,Jowett,Otro,cjowettbd@jalbum.net,528-300-1755,Colombia
411,Marinna,Grey,Otro,mgreybe@lycos.com,939-623-9396,Argentina
412,Cherish,Baiss,Otro,cbaissbf@so-net.ne.jp,843-518-6287,Chile
413,Farlie,Renouf,Femenino,frenoufbg@stumbleupon.com,594-635-2683,Peru
414,Avis,Ipgrave,Otro,aipgravebh@netvibes.com,360-601-3386,Peru
415,Niccolo,Wickstead,Otro,nwicksteadbi@nydailynews.com,968-858-2074,Argentina
416,Germaine,Senecaux,Otro,gsenecauxbj@wordpress.com,823-355-8133,Colombia
417,Therese,Woolland,Femenino,twoollandbk@diigo.com,217-140-8826,Mexico
418,Desiri,Nairne,Femenino,dnairnebl@adobe.com,476-352-8292,Peru
419,Coop,Deneve,Otro,cdenevebm@e-recht24.de,233-534-3982,Argentina
420,Olivia,Jordeson,Masculino,ojordesonbn@boston.com,901-355-4787,Mexico
421,Bronson,Kenelin,Otro,bkenelinbo@yellowpages.com,505-360-5999,Peru
422,Olav,Bloom,Otro,obloombp@sina.com.cn,526-111-0138,Argentina
423,Scarlet,Scarlon,Femenino,sscarlonbq@icq.com,619-336-9316,Argentina
424,Geoffry,Beasleigh,Otro,gbeasleighbr@acquirethisname.com,486-933-0733,Peru
425,Dulciana,Amerighi,Otro,damerighibs@hao123.com,895-221-5106,Mexico
426,Trey,Salzen,Femenino,tsalzenbt@zimbio.com,657-376-2470,Venezuela
427,Chester,Vigietti,Masculino,cvigiettibu@soundcloud.com,171-619-2220,Argentina
428,Whittaker,Malloch,Otro,wmallochbv@mayoclinic.com,120-184-4858,Peru
429,Marjorie,Boughtwood,Femenino,mboughtwoodbw@opera.com,348-848-1935,Peru
430,Netti,Balcock,Femenino,nbalcockbx@chronoengine.com,507-868-7168,Chile
431,Robbin,Naisbit,Masculino,rnaisbitby@arizona.edu,173-843-6169,Colombia
432,Guenna,Shillitoe,Otro,gshillitoebz@sphinn.com,622-669-5669,Peru
433,Tanitansy,Curedell,Femenino,tcuredellc0@gmpg.org,957-107-7762,Chile
434,Heall,Treweke,Masculino,htrewekec1@cnn.com,222-752-4153,Mexico
435,Cherin,Nockalls,Femenino,cnockallsc2@printfriendly.com,599-882-4028,Argentina
436,Trula,Nannizzi,Masculino,tnannizzic3@netscape.com,817-377-0384,Mexico
437,Antoni,Milius,Otro,amiliusc4@wsj.com,539-443-1196,Peru
438,Henrie,Rushman,Femenino,hrushmanc5@lycos.com,360-161-7702,Colombia
439,Swen,Hourstan,Masculino,shourstanc6@delicious.com,709-881-7054,Peru
440,Clea,Fittes,Masculino,cfittesc7@tmall.com,994-887-3979,Mexico
441,Bennett,Pettet,Femenino,bpettetc8@home.pl,932-867-2831,Peru
442,Friedrich,Carlan,Masculino,fcarlanc9@goo.gl,412-919-9588,Colombia
443,Aidan,Sennett,Otro,asennettca@mozilla.org,336-650-8034,Mexico
444,Aloisia,Skullet,Masculino,askulletcb@imgur.com,979-891-8398,Colombia
445,Briano,Sisneros,Masculino,bsisneroscc@list-manage.com,682-250-0156,Peru
446,Florie,Cremer,Otro,fcremercd@boston.com,574-312-4855,Mexico
447,Antonio,Laverenz,Masculino,alaverenzce@mit.edu,866-399-4280,Colombia
448,Chev,McIlreavy,Masculino,cmcilreavycf@techcrunch.com,661-295-5556,Colombia
449,Ester,Gate,Femenino,egatecg@slate.com,663-648-7884,Peru
450,Korney,Pinckney,Otro,kpinckneych@google.com,507-254-8925,Argentina
451,Alejandrina,Thonason,Masculino,athonasonci@blogtalkradio.com,877-936-1572,Mexico
452,Yorke,Pynner,Femenino,ypynnercj@freewebs.com,712-325-9129,Argentina
453,Osbert,Austick,Otro,oaustickck@last.fm,720-920-6491,Colombia
454,Lauren,Baise,Otro,lbaisecl@instagram.com,214-269-9287,Argentina
455,Lorry,Smogur,Masculino,lsmogurcm@phoca.cz,104-915-1817,Chile
456,Pattin,Peachey,Masculino,ppeacheycn@dell.com,341-314-4553,Peru
457,Libbie,Lightbourn,Femenino,llightbournco@mapy.cz,388-160-9851,Peru
458,Tony,Nield,Masculino,tnieldcp@unicef.org,885-257-0167,Argentina
459,Roxana,Lansbury,Masculino,rlansburycq@timesonline.co.uk,626-669-7068,Argentina
460,Magdalena,Devereu,Otro,mdevereucr@hao123.com,761-268-2770,Mexico
461,Bone,Kedge,Femenino,bkedgecs@amazon.de,156-399-7604,Peru
462,Melvyn,Bischop,Masculino,mbischopct@tiny.cc,615-721-8077,Argentina
463,Garvey,Banner,Otro,gbannercu@blinklist.com,997-126-3266,Argentina
464,Jesse,Antoniewicz,Otro,jantoniewiczcv@princeton.edu,615-208-0476,Argentina
465,Carmel,Robson,Masculino,crobsoncw@squarespace.com,498-612-8695,Mexico
466,Guido,Artus,Femenino,gartuscx@ifeng.com,788-725-2633,Peru
467,Tiler,Beaconsall,Otro,tbeaconsallcy@wix.com,965-126-0433,Colombia
468,Sharla,Catlette,Otro,scatlettecz@homestead.com,579-675-7921,Argentina
469,Rebecka,Samsworth,Masculino,rsamsworthd0@meetup.com,464-181-6327,Argentina
470,Portie,Powton,Otro,ppowtond1@vinaora.com,422-699-5726,Argentina
471,Remy,Hassewell,Otro,rhassewelld2@hostgator.com,187-219-3619,Peru
472,Bernete,Cromack,Otro,bcromackd3@cargocollective.com,474-364-5560,Colombia
473,Lizabeth,Lowerson,Masculino,llowersond4@homestead.com,782-864-5312,Peru
474,Ingelbert,Ciccoloi,Otro,iciccoloid5@weather.com,610-586-0167,Chile
475,Salim,MacCurley,Femenino,smaccurleyd6@bing.com,756-585-8970,Venezuela
476,Patricia,Larmett,Otro,plarmettd7@columbia.edu,666-130-5590,Colombia
477,Daisie,Zielinski,Otro,dzielinskid8@surveymonkey.com,603-334-5926,Peru
478,Alvis,Pinks,Masculino,apinksd9@archive.org,373-348-8754,Mexico
479,Willie,Smallwood,Femenino,wsmallwoodda@slate.com,413-244-6639,Mexico
480,Veronica,Burbridge,Masculino,vburbridgedb@wunderground.com,798-822-1753,Argentina
481,Allina,Spread,Masculino,aspreaddc@howstuffworks.com,632-655-3489,Argentina
482,Peri,Connor,Masculino,pconnordd@wikipedia.org,500-624-8627,Peru
483,Lorrayne,Ishaki,Masculino,lishakide@vk.com,117-267-6187,Peru
484,Ashely,Wylie,Femenino,awyliedf@unblog.fr,537-539-1526,Mexico
485,Mitchell,Snaden,Femenino,msnadendg@ebay.co.uk,586-569-7370,Mexico
486,Libbi,Pipe,Femenino,lpipedh@dagondesign.com,566-388-9635,Peru
487,Jesus,Duesbury,Masculino,jduesburydi@pagesperso-orange.fr,537-841-5000,Argentina
488,Marty,Buttle,Femenino,mbuttledj@webeden.co.uk,953-804-2097,Argentina
489,Zola,Lemerie,Otro,zlemeriedk@ifeng.com,255-958-9863,Venezuela
490,Laney,Cuddehy,Femenino,lcuddehydl@weather.com,355-184-0305,Peru
491,Wash,Punch,Masculino,wpunchdm@biglobe.ne.jp,222-671-0812,Peru
492,Rodolfo,Lutty,Otro,rluttydn@rakuten.co.jp,530-874-9082,Argentina
493,Caralie,Golagley,Femenino,cgolagleydo@altervista.org,825-899-6362,Venezuela
494,Leann,Denney,Masculino,ldenneydp@psu.edu,299-742-6595,Argentina
495,Retha,Haresnape,Otro,rharesnapedq@diigo.com,611-637-2936,Argentina
496,Katya,Glyde,Otro,kglydedr@ftc.gov,905-255-7076,Colombia
497,Orel,Mager,Otro,omagerds@nba.com,143-100-8680,Colombia
498,Suki,Vicar,Femenino,svicardt@cocolog-nifty.com,861-787-2191,Peru
499,Stacee,Iles,Masculino,silesdu@i2i.jp,804-769-7140,Peru
500,Isador,Torald,Otro,itoralddv@joomla.org,371-440-6368,Argentina
501,Stephenie,Bullerwell,Femenino,sbullerwelldw@e-recht24.de,260-953-6264,Mexico
502,Melania,Gascoine,Masculino,mgascoinedx@go.com,274-354-2326,Mexico
503,Archie,Rigolle,Femenino,arigolledy@skyrock.com,828-647-2685,Peru
504,Mirella,O'Luney,Masculino,moluneydz@prweb.com,768-982-0256,Colombia
505,Zulema,Madelin,Femenino,zmadeline0@hubpages.com,359-658-7635,Mexico
506,Jacky,Beggs,Otro,jbeggse1@infoseek.co.jp,337-323-7205,Venezuela
507,Shel,Cummine,Otro,scumminee2@narod.ru,517-646-6624,Colombia
508,Myrilla,Batchelour,Femenino,mbatcheloure3@qq.com,504-483-2387,Peru
509,Jinny,Pauleit,Femenino,jpauleite4@columbia.edu,436-400-0387,Argentina
510,Bern,Prium,Masculino,bpriume5@prnewswire.com,636-541-4370,Peru
511,Wenonah,Strangward,Otro,wstrangwarde6@youku.com,281-439-3077,Peru
512,Ruthi,Vannoni,Masculino,rvannonie7@amazon.de,810-949-8657,Peru
513,Brena,Paunsford,Otro,bpaunsforde8@spotify.com,289-801-6726,Peru
514,Wrennie,Stirtle,Femenino,wstirtlee9@discovery.com,105-550-1531,Mexico
515,Lorelei,Besque,Otro,lbesqueea@sohu.com,520-716-2208,Peru
516,Frederique,Caveney,Femenino,fcaveneyeb@privacy.gov.au,535-289-0452,Mexico
517,Idalina,Cochet,Masculino,icochetec@fastcompany.com,718-484-2511,Peru
518,Tate,Wooster,Otro,twoostered@earthlink.net,872-261-6220,Mexico
519,Izaak,Illem,Masculino,iillemee@columbia.edu,718-635-1437,Venezuela
520,Coleman,Harbottle,Masculino,charbottleef@cam.ac.uk,578-791-1713,Argentina
521,Kimmy,Yankishin,Otro,kyankishineg@sohu.com,809-375-1333,Argentina
522,Ian,McQuorkell,Masculino,imcquorkelleh@chronoengine.com,874-909-3214,Argentina
523,Marietta,Radke,Femenino,mradkeei@posterous.com,868-504-6658,Mexico
524,Gertie,Audiss,Femenino,gaudissej@apple.com,246-147-8253,Argentina
525,Melita,Mariot,Masculino,mmariotek@taobao.com,532-667-2929,Argentina
526,Terry,Raunds,Masculino,traundsel@vistaprint.com,537-977-2937,Peru
527,Fleur,Ellett,Femenino,fellettem@hubpages.com,515-573-9574,Colombia
528,Fidole,Noice,Otro,fnoiceen@example.com,207-702-9328,Colombia
529,Patricia,Edwicke,Femenino,pedwickeeo@drupal.org,223-817-7102,Argentina
530,Katlin,Whitebread,Femenino,kwhitebreadep@bigcartel.com,913-665-8148,Peru
531,Ward,Lanchbury,Masculino,wlanchburyeq@godaddy.com,970-921-2598,Mexico
532,Cindi,Monger,Masculino,cmongerer@illinois.edu,691-387-7098,Venezuela
533,Farrell,Maynell,Otro,fmaynelles@foxnews.com,822-607-9367,Venezuela
534,Geno,Knutsen,Femenino,gknutsenet@google.com,803-302-0585,Chile
535,Cristina,Tye,Femenino,ctyeeu@google.pl,882-259-9959,Colombia
536,Byron,Tilby,Masculino,btilbyev@topsy.com,418-472-8768,Peru
537,Aldon,Gliddon,Femenino,agliddonew@mayoclinic.com,200-796-5555,Colombia
538,Orsa,Scotchmor,Masculino,oscotchmorex@aboutads.info,395-828-9589,Argentina
539,Julieta,MacAdam,Masculino,jmacadamey@dion.ne.jp,462-802-6245,Chile
540,Killian,Boays,Masculino,kboaysez@ameblo.jp,619-453-0864,Argentina
541,Jacinta,Grunbaum,Masculino,jgrunbaumf0@g.co,531-661-0419,Colombia
542,Abey,Fozzard,Otro,afozzardf1@hc360.com,733-239-6448,Argentina
543,Blakeley,Povele,Masculino,bpovelef2@yahoo.co.jp,854-996-2830,Argentina
544,Conant,Scarffe,Otro,cscarffef3@sbwire.com,731-356-3161,Peru
545,Angel,Chittim,Masculino,achittimf4@wiley.com,509-879-9560,Colombia
546,Lilli,MacKill,Femenino,lmackillf5@eepurl.com,678-840-5798,Argentina
547,Nathalie,Tysack,Masculino,ntysackf6@jugem.jp,618-122-5577,Venezuela
548,Bertrand,Leatt,Otro,bleattf7@ftc.gov,919-770-2614,Argentina
549,Crawford,Odney,Otro,codneyf8@omniture.com,985-847-2886,Venezuela
550,Robinia,Demke,Masculino,rdemkef9@nba.com,607-445-2306,Mexico
551,Correna,McGenis,Femenino,cmcgenisfa@sciencedaily.com,962-225-3967,Argentina
552,Lula,Tett,Femenino,ltettfb@shareasale.com,978-284-0748,Mexico
553,Erhard,Prichet,Otro,eprichetfc@netlog.com,489-107-7922,Venezuela
554,Francine,Cutchey,Masculino,fcutcheyfd@scientificamerican.com,572-684-3199,Argentina
555,Abrahan,Janway,Otro,ajanwayfe@uiuc.edu,126-136-5387,Peru
556,Roby,Delgardillo,Femenino,rdelgardilloff@google.cn,740-709-3442,Mexico
557,Lari,Bachelor,Femenino,lbachelorfg@independent.co.uk,630-737-0349,Peru
558,Aliza,Dainter,Masculino,adainterfh@unicef.org,632-661-3450,Colombia
559,Margot,Clark,Masculino,mclarkfi@google.pl,587-891-7528,Venezuela
560,Gram,Proswell,Masculino,gproswellfj@utexas.edu,270-575-9667,Peru
561,Joey,Gentiry,Masculino,jgentiryfk@omniture.com,799-262-8958,Mexico
562,Lauree,Abrahamoff,Femenino,labrahamofffl@tuttocitta.it,845-907-0300,Chile
563,Kerby,Willshire,Masculino,kwillshirefm@zdnet.com,723-841-5630,Colombia
564,Sofia,Caltera,Otro,scalterafn@cisco.com,288-506-9522,Mexico
565,Isabella,Saxby,Otro,isaxbyfo@blinklist.com,779-258-2307,Mexico
566,Ronnie,Gabriely,Masculino,rgabrielyfp@timesonline.co.uk,724-380-4323,Colombia
567,Gerti,Greguol,Masculino,ggreguolfq@ox.ac.uk,911-542-8466,Argentina
568,Wanids,Domb,Otro,wdombfr@exblog.jp,430-400-8356,Argentina
569,Kerrin,Espinha,Femenino,kespinhafs@miibeian.gov.cn,408-790-2352,Mexico
570,Sydel,Hickinbottom,Femenino,shickinbottomft@reverbnation.com,681-776-2894,Argentina
571,Iris,Wilcher,Otro,iwilcherfu@rambler.ru,200-286-8287,Peru
572,Glendon,Brennand,Femenino,gbrennandfv@paginegialle.it,984-109-9058,Argentina
573,Glori,Macken,Masculino,gmackenfw@behance.net,149-640-3847,Venezuela
574,Loleta,Lettson,Masculino,llettsonfx@sciencedaily.com,135-802-1619,Peru
575,Riannon,Pesticcio,Femenino,rpesticciofy@deviantart.com,209-293-2660,Venezuela
576,Maegan,Goose,Femenino,mgoosefz@behance.net,549-195-3964,Mexico
577,Clem,Coughlin,Femenino,ccoughling0@springer.com,162-119-9718,Peru
578,Clint,Aires,Otro,cairesg1@unicef.org,227-825-9543,Peru
579,Rosanna,Johanssen,Otro,rjohansseng2@google.co.jp,347-388-4101,Peru
580,Vivian,Kobiela,Otro,vkobielag3@example.com,659-576-3128,Peru
581,Domini,De Bernardi,Masculino,ddebernardig4@livejournal.com,544-830-7210,Venezuela
582,Jewell,Tetley,Masculino,jtetleyg5@omniture.com,883-199-3579,Argentina
583,Garland,Proudlove,Femenino,gproudloveg6@oakley.com,529-889-8618,Colombia
584,Dorri,McCrackem,Otro,dmccrackemg7@mac.com,119-809-2210,Colombia
585,Gabriele,Foran,Masculino,gforang8@tripod.com,181-898-4802,Peru
586,Ignazio,McCurlye,Femenino,imccurlyeg9@ucoz.ru,395-587-5310,Mexico
587,Chevy,Leveritt,Femenino,cleverittga@issuu.com,397-361-0622,Peru
588,Vasili,Goldsberry,Masculino,vgoldsberrygb@nytimes.com,418-677-3547,Peru
589,Esma,Yateman,Otro,eyatemangc@e-recht24.de,249-297-7763,Argentina
590,Jeffie,Pristnor,Masculino,jpristnorgd@delicious.com,205-324-9366,Argentina
591,Hastie,Cay,Otro,hcayge@blogspot.com,897-855-2209,Mexico
592,Shel,Kermeen,Masculino,skermeengf@boston.com,781-868-6993,Argentina
593,Niki,Longshaw,Otro,nlongshawgg@census.gov,622-813-7596,Venezuela
594,Sawyere,Ferrarone,Femenino,sferraronegh@ftc.gov,171-461-8895,Peru
595,Mike,Jeandin,Femenino,mjeandingi@ovh.net,253-102-4949,Mexico
596,Nichol,Capozzi,Otro,ncapozzigj@tamu.edu,178-825-6284,Venezuela
597,Chrysler,Prate,Femenino,cprategk@wisc.edu,418-811-2132,Mexico
598,Jada,Hefford,Otro,jheffordgl@photobucket.com,949-364-7728,Peru
599,Ula,Chellingworth,Femenino,uchellingworthgm@princeton.edu,190-881-8039,Peru
600,Rochette,Winkell,Otro,rwinkellgn@gov.uk,164-440-7865,Argentina
601,Aleda,Free,Otro,afreego@cyberchimps.com,732-129-3165,Peru
602,Fons,Clementi,Masculino,fclementigp@dailymail.co.uk,933-736-5431,Peru
603,Wallis,Beaty,Otro,wbeatygq@theatlantic.com,751-724-7282,Colombia
604,Rita,Bredes,Femenino,rbredesgr@amazon.co.uk,579-779-4239,Peru
605,Dona,Tutsell,Otro,dtutsellgs@webs.com,198-445-6880,Mexico
606,Genny,Skirving,Masculino,gskirvinggt@mayoclinic.com,531-829-4603,Peru
607,Torey,Suggett,Otro,tsuggettgu@spiegel.de,774-924-0255,Venezuela
608,Nobe,Capelen,Otro,ncapelengv@t-online.de,360-614-8635,Peru
609,Devonne,Getcliff,Otro,dgetcliffgw@google.es,438-696-5919,Peru
610,Sandy,Peaddie,Femenino,speaddiegx@scribd.com,626-609-1852,Colombia
611,Sidonnie,Chatwin,Otro,schatwingy@elpais.com,369-967-0885,Peru
612,Carlita,Meikle,Otro,cmeiklegz@spotify.com,333-727-7430,Peru
613,Arlana,Endicott,Masculino,aendicotth0@si.edu,757-559-2058,Mexico
614,Tucky,Bernardelli,Masculino,tbernardellih1@friendfeed.com,289-545-2443,Peru
615,Justinian,Malicki,Otro,jmalickih2@nydailynews.com,431-843-5984,Argentina
616,Dahlia,Leeds,Masculino,dleedsh3@themeforest.net,784-163-5660,Peru
617,Ertha,Blood,Femenino,ebloodh4@soundcloud.com,980-982-3661,Mexico
618,Anny,Dykas,Otro,adykash5@t.co,140-406-4423,Mexico
619,Nell,Hunnawill,Otro,nhunnawillh6@tmall.com,763-466-4790,Mexico
620,Carling,Hartwell,Masculino,chartwellh7@hostgator.com,956-766-8077,Argentina
621,Laina,Yateman,Otro,lyatemanh8@weather.com,941-895-6869,Venezuela
622,Dona,McMenamy,Otro,dmcmenamyh9@china.com.cn,930-949-4147,Argentina
623,Willow,Spray,Masculino,wsprayha@independent.co.uk,899-238-3023,Colombia
624,Godard,Beecroft,Femenino,gbeecrofthb@google.it,293-816-0046,Peru
625,Dallas,Walters,Otro,dwaltershc@squidoo.com,378-735-3982,Argentina
626,Webb,Kocher,Otro,wkocherhd@weather.com,106-590-1078,Mexico
627,Ray,Waeland,Otro,rwaelandhe@shareasale.com,170-890-8272,Argentina
628,Cathee,Brachell,Otro,cbrachellhf@reuters.com,736-154-3468,Chile
629,Verne,Durtnal,Femenino,vdurtnalhg@comsenz.com,605-334-6443,Colombia
630,Roarke,Rohan,Femenino,rrohanhh@wsj.com,373-323-9125,Argentina
631,Ryley,Leaning,Masculino,rleaninghi@rambler.ru,537-136-3045,Colombia
632,Twila,Francescotti,Otro,tfrancescottihj@elegantthemes.com,588-160-1100,Peru
633,Darin,Bissiker,Otro,dbissikerhk@bloomberg.com,868-960-4017,Argentina
634,Eula,Penson,Otro,epensonhl@ted.com,883-284-2763,Argentina
635,Ellary,Widdocks,Masculino,ewiddockshm@ucla.edu,114-347-5835,Colombia
636,Alasdair,Mollon,Otro,amollonhn@home.pl,122-614-1175,Peru
637,Kirk,Smittoune,Masculino,ksmittouneho@constantcontact.com,618-514-3590,Colombia
638,Karl,Sloegrave,Femenino,ksloegravehp@skyrock.com,936-958-5431,Mexico
639,Sallyanne,Amesbury,Otro,samesburyhq@dropbox.com,680-683-7120,Argentina
640,Cathryn,Dibb,Masculino,cdibbhr@jugem.jp,628-872-1140,Argentina
641,Rad,Ison,Femenino,risonhs@cnn.com,709-797-8388,Colombia
642,Rem,MacGee,Masculino,rmacgeeht@marketwatch.com,398-644-2803,Peru
643,Maridel,Callan,Femenino,mcallanhu@mapquest.com,270-774-6788,Colombia
644,Winfield,Dyerson,Femenino,wdyersonhv@archive.org,973-768-4459,Colombia
645,Gates,Goreway,Masculino,ggorewayhw@bing.com,938-888-8315,Mexico
646,Ab,Baxandall,Femenino,abaxandallhx@seattletimes.com,374-934-9439,Argentina
647,Coletta,Sugden,Femenino,csugdenhy@woothemes.com,689-511-2127,Chile
648,Conn,Conwell,Otro,cconwellhz@vistaprint.com,713-923-0614,Peru
649,Eleanor,Watsam,Femenino,ewatsami0@microsoft.com,487-767-4789,Mexico
650,Phillipe,Angier,Femenino,pangieri1@apache.org,448-838-6740,Mexico
651,Darren,Garbar,Otro,dgarbari2@soundcloud.com,638-298-8098,Argentina
652,Alisun,Milksop,Otro,amilksopi3@un.org,813-159-9677,Peru
653,Conway,Karpol,Otro,ckarpoli4@bizjournals.com,843-258-6931,Colombia
654,Barton,Tarquinio,Femenino,btarquinioi5@blogger.com,227-513-6747,Mexico
655,Jerrome,Areles,Otro,jarelesi6@columbia.edu,226-466-9408,Mexico
656,Onfroi,Juara,Masculino,ojuarai7@com.com,799-242-7520,Colombia
657,Lynda,Pleasants,Otro,lpleasantsi8@t-online.de,648-425-5061,Argentina
658,Perry,Varne,Otro,pvarnei9@1und1.de,602-772-2626,Venezuela
659,Decca,Buesnel,Otro,dbuesnelia@exblog.jp,544-350-9513,Chile
660,Ros,Kilty,Otro,rkiltyib@discovery.com,248-667-2803,Chile
661,Artemus,Mulrean,Otro,amulreanic@miitbeian.gov.cn,853-913-4505,Peru
662,Garland,Crocket,Otro,gcrocketid@bloglovin.com,855-675-6308,Argentina
663,Whitney,Lepope,Otro,wlepopeie@unesco.org,390-754-1535,Peru
664,Abbie,Maxted,Otro,amaxtedif@weather.com,469-330-0512,Argentina
665,Stanley,Jerzak,Femenino,sjerzakig@goo.ne.jp,178-407-6370,Colombia
666,Neale,Coleby,Masculino,ncolebyih@godaddy.com,270-569-6032,Colombia
667,Donelle,Szanto,Femenino,dszantoii@berkeley.edu,638-794-4090,Venezuela
668,Ilene,Kerrich,Otro,ikerrichij@comsenz.com,752-689-7813,Peru
669,Eduino,Veitch,Masculino,eveitchik@japanpost.jp,529-616-4370,Peru
670,Hayden,Patrono,Otro,hpatronoil@biglobe.ne.jp,347-245-4485,Mexico
671,Jermain,Venour,Femenino,jvenourim@craigslist.org,590-318-6306,Peru
672,Daffi,Port,Otro,dportin@yellowbook.com,882-633-6057,Chile
673,Hewie,Thridgould,Masculino,hthridgouldio@usda.gov,158-567-0717,Argentina
674,Grenville,Wheelwright,Masculino,gwheelwrightip@google.it,244-393-8722,Colombia
675,Findley,Wreiford,Otro,fwreifordiq@miibeian.gov.cn,393-615-4649,Colombia
676,Davy,Grewes,Masculino,dgrewesir@blog.com,716-746-1201,Peru
677,Fidole,Malatalant,Femenino,fmalatalantis@hatena.ne.jp,681-755-9019,Mexico
678,Kearney,Piffe,Masculino,kpiffeit@berkeley.edu,553-671-8298,Colombia
679,Melantha,Shackel,Femenino,mshackeliu@sun.com,295-631-8747,Chile
680,Elwyn,Hambribe,Femenino,ehambribeiv@liveinternet.ru,541-504-6506,Colombia
681,Lanie,Jelkes,Masculino,ljelkesiw@simplemachines.org,473-515-3657,Peru
682,Sander,Dannatt,Femenino,sdannattix@moonfruit.com,965-577-4417,Peru
683,Jozef,Hatfield,Femenino,jhatfieldiy@adobe.com,575-209-5587,Peru
684,Marin,Beadle,Femenino,mbeadleiz@narod.ru,779-525-5211,Mexico
685,Janene,Rust,Masculino,jrustj0@moonfruit.com,473-559-6324,Colombia
686,Clemens,Ogelbe,Otro,cogelbej1@adobe.com,832-509-4659,Peru
687,Aurthur,Birdwhistell,Femenino,abirdwhistellj2@hubpages.com,944-719-7245,Argentina
688,Rickey,Hovenden,Masculino,rhovendenj3@netvibes.com,544-741-7964,Colombia
689,Anneliese,Meredyth,Otro,ameredythj4@edublogs.org,409-238-8798,Chile
690,Wadsworth,Henstridge,Femenino,whenstridgej5@domainmarket.com,909-126-5935,Peru
691,Cathyleen,Ewing,Femenino,cewingj6@istockphoto.com,339-556-0744,Mexico
692,Raphael,Emmens,Masculino,remmensj7@cnn.com,114-331-7061,Colombia
693,Elizabeth,Sexti,Otro,esextij8@t-online.de,736-891-1490,Colombia
694,Darcy,Colloff,Femenino,dcolloffj9@nasa.gov,532-672-7093,Argentina
695,Tamera,Christie,Otro,tchristieja@army.mil,877-751-1829,Mexico
696,Padraic,Banton,Otro,pbantonjb@123-reg.co.uk,179-692-5408,Venezuela
697,Bank,Suthworth,Masculino,bsuthworthjc@sohu.com,812-915-7782,Mexico
698,Krispin,Ewebank,Masculino,kewebankjd@blogger.com,166-489-0434,Argentina
699,Madelene,Longina,Otro,mlonginaje@microsoft.com,947-739-1024,Mexico
700,Hughie,Schneidar,Masculino,hschneidarjf@sogou.com,440-643-7816,Argentina
701,Berna,Lampke,Femenino,blampkejg@ucla.edu,742-157-1122,Colombia
702,Yasmeen,Ridesdale,Masculino,yridesdalejh@over-blog.com,969-687-2430,Colombia
703,Caryl,Mattiazzo,Otro,cmattiazzoji@taobao.com,419-639-8284,Venezuela
704,Crissie,Hackworth,Otro,chackworthjj@eepurl.com,834-222-1828,Peru
705,Sascha,Bushnell,Masculino,sbushnelljk@sfgate.com,658-346-8469,Argentina
706,Tom,Bransdon,Otro,tbransdonjl@dagondesign.com,964-244-5192,Argentina
707,Tybi,Colpus,Femenino,tcolpusjm@unblog.fr,157-888-9236,Colombia
708,Gay,Hedditch,Otro,ghedditchjn@slideshare.net,911-118-6142,Peru
709,Marji,Nudds,Otro,mnuddsjo@usa.gov,604-288-8745,Venezuela
710,Merridie,Embleton,Masculino,membletonjp@hugedomains.com,913-155-8114,Peru
711,Milton,Grebert,Otro,mgrebertjq@vistaprint.com,631-306-3231,Colombia
712,Christan,Defont,Otro,cdefontjr@paypal.com,448-531-4593,Mexico
713,Verge,Briamo,Masculino,vbriamojs@omniture.com,203-229-3886,Argentina
714,Irita,Challens,Femenino,ichallensjt@macromedia.com,198-779-5280,Mexico
715,Berny,Cameli,Femenino,bcameliju@yandex.ru,478-416-5572,Argentina
716,Horst,Petherick,Otro,hpetherickjv@ameblo.jp,888-830-4560,Colombia
717,Haroun,Shaplin,Otro,hshaplinjw@ted.com,562-453-8315,Peru
718,Kathryn,Yellowlees,Femenino,kyellowleesjx@dagondesign.com,550-334-3805,Venezuela
719,Constanta,Gabbitis,Masculino,cgabbitisjy@oaic.gov.au,382-596-2814,Mexico
720,Haze,Poxson,Femenino,hpoxsonjz@weather.com,251-179-5167,Argentina
721,Rem,Newbatt,Otro,rnewbattk0@apache.org,765-135-4105,Peru
722,Lib,Dow,Masculino,ldowk1@archive.org,239-812-7379,Peru
723,Pip,Lanigan,Otro,planigank2@xing.com,537-703-3897,Peru
724,Winnie,Clampe,Otro,wclampek3@digg.com,491-247-9093,Mexico
725,Graig,Romi,Masculino,gromik4@de.vu,521-731-7026,Mexico
726,Wat,Gubbin,Masculino,wgubbink5@jigsy.com,346-919-0154,Argentina
727,Urban,Tooth,Masculino,utoothk6@google.de,455-877-9696,Colombia
728,Lucias,Bradneck,Masculino,lbradneckk7@mysql.com,367-480-2023,Mexico
729,Bondon,Negri,Masculino,bnegrik8@utexas.edu,611-315-1202,Peru
730,Ginevra,Patley,Masculino,gpatleyk9@uol.com.br,959-906-2369,Mexico
731,Morgan,Videler,Femenino,mvidelerka@oracle.com,662-397-0533,Argentina
732,Giulia,Mulvihill,Otro,gmulvihillkb@auda.org.au,111-120-8872,Mexico
733,Reagan,Bloxland,Femenino,rbloxlandkc@oakley.com,445-262-7925,Colombia
734,Collen,Sunderland,Otro,csunderlandkd@oakley.com,286-627-9398,Argentina
735,Kingsly,Panswick,Femenino,kpanswickke@godaddy.com,320-355-7121,Argentina
736,Idaline,Gillooly,Otro,igilloolykf@t.co,773-304-9838,Peru
737,Lem,Chalice,Masculino,lchalicekg@photobucket.com,986-135-3048,Venezuela
738,Erastus,Sheers,Otro,esheerskh@apple.com,534-548-9070,Colombia
739,Travis,Connue,Otro,tconnueki@twitpic.com,754-219-2574,Peru
740,Nikolia,Storrar,Otro,nstorrarkj@sourceforge.net,684-725-9576,Peru
741,Hyacinthia,Nayshe,Otro,hnayshekk@technorati.com,904-220-7252,Argentina
742,Carmelia,Cudihy,Otro,ccudihykl@usa.gov,471-722-5760,Chile
743,Rhona,Laidlow,Otro,rlaidlowkm@harvard.edu,534-817-3363,Argentina
744,Wally,Maffezzoli,Masculino,wmaffezzolikn@ustream.tv,608-292-5613,Mexico
745,Giraud,Windrum,Otro,gwindrumko@dedecms.com,234-395-9930,Mexico
746,Davidson,Hazell,Otro,dhazellkp@bing.com,815-886-0583,Colombia
747,Estella,Petchey,Masculino,epetcheykq@apple.com,452-139-5241,Chile
748,Merline,McJerrow,Otro,mmcjerrowkr@answers.com,629-782-3056,Colombia
749,Ave,Van Halle,Femenino,avanhalleks@ovh.net,678-774-7968,Argentina
750,Cal,Balling,Otro,cballingkt@yale.edu,845-334-5606,Peru
751,Jessalyn,Mulkerrins,Femenino,jmulkerrinsku@cnn.com,390-318-3295,Mexico
752,Tyson,Petkovic,Masculino,tpetkovickv@artisteer.com,759-752-6110,Colombia
753,Kelcey,Payley,Otro,kpayleykw@npr.org,116-958-3805,Colombia
754,Bettina,McAtamney,Masculino,bmcatamneykx@eepurl.com,334-857-2619,Venezuela
755,Christie,Kubin,Otro,ckubinky@hostgator.com,521-212-0448,Colombia
756,Hamlen,Lewty,Femenino,hlewtykz@printfriendly.com,639-529-8971,Mexico
757,Willis,Adamovicz,Masculino,wadamoviczl0@google.com,130-198-9825,Peru
758,Jobina,Tartt,Otro,jtarttl1@blogger.com,801-111-4765,Argentina
759,Tony,McIan,Masculino,tmcianl2@prlog.org,505-496-0562,Argentina
760,Lavinia,Domino,Otro,ldominol3@pen.io,900-560-6949,Chile
761,Bonnie,Antonomoli,Femenino,bantonomolil4@mapquest.com,173-475-2628,Colombia
762,Moll,Pidgley,Masculino,mpidgleyl5@engadget.com,876-487-5685,Colombia
763,Juline,Le Grove,Masculino,jlegrovel6@t-online.de,553-845-0656,Colombia
764,Caprice,Densumbe,Femenino,cdensumbel7@auda.org.au,710-139-9853,Colombia
765,Allie,Fosse,Femenino,afossel8@umn.edu,935-806-1093,Mexico
766,Carolyne,Elstow,Otro,celstowl9@e-recht24.de,132-776-9925,Colombia
767,Auria,Hobell,Femenino,ahobellla@prweb.com,461-157-3853,Peru
768,Timothy,Warricker,Masculino,twarrickerlb@deviantart.com,724-565-2068,Peru
769,Bethina,Billany,Otro,bbillanylc@princeton.edu,212-461-5096,Peru
770,Zena,Le Strange,Otro,zlestrangeld@biblegateway.com,516-404-1793,Argentina
771,Orella,MacLise,Femenino,omaclisele@ucsd.edu,203-542-4696,Chile
772,Jaynell,Welbrock,Masculino,jwelbrocklf@yolasite.com,313-213-6219,Peru
773,Alida,Mortel,Femenino,amortellg@e-recht24.de,451-432-5663,Argentina
774,Otto,Beaves,Otro,obeaveslh@vimeo.com,984-197-6907,Argentina
775,Lock,Lethabridge,Otro,llethabridgeli@csmonitor.com,307-948-5933,Colombia
776,Alessandra,Dudlestone,Masculino,adudlestonelj@wix.com,602-894-8729,Mexico
777,Ailsun,Kimbrough,Femenino,akimbroughlk@meetup.com,634-377-2039,Argentina
778,Phylis,Bynert,Femenino,pbynertll@ca.gov,603-511-9625,Colombia
779,Karia,Dast,Otro,kdastlm@alexa.com,761-216-0615,Argentina
780,Lulita,Oldcote,Otro,loldcoteln@nifty.com,606-794-5989,Colombia
781,Rollo,Grahlman,Femenino,rgrahlmanlo@ed.gov,265-874-5130,Chile
782,Broddie,Mazzeo,Masculino,bmazzeolp@baidu.com,123-522-6529,Argentina
783,Gannie,Lawrenceson,Masculino,glawrencesonlq@delicious.com,158-425-9182,Venezuela
784,Courtnay,Storry,Masculino,cstorrylr@lycos.com,556-628-4741,Peru
785,Park,Antognoni,Femenino,pantognonils@topsy.com,431-306-0299,Chile
786,Andonis,Gallichiccio,Otro,agallichicciolt@google.cn,122-879-0864,Argentina
787,Tilly,Padbury,Otro,tpadburylu@thetimes.co.uk,669-208-8937,Venezuela
788,Eugenie,Bulbeck,Masculino,ebulbecklv@free.fr,101-479-0041,Peru
789,Daisie,Meneo,Otro,dmeneolw@cyberchimps.com,673-215-9550,Venezuela
790,Georgeanne,Zelner,Otro,gzelnerlx@people.com.cn,317-667-8324,Colombia
791,Aila,Rowlatt,Masculino,arowlattly@mail.ru,345-851-5551,Peru
792,Gracia,Brookes,Femenino,gbrookeslz@hubpages.com,604-440-7561,Argentina
793,Benoit,Faircliff,Masculino,bfaircliffm0@foxnews.com,674-662-1740,Mexico
794,Prudence,Punton,Masculino,ppuntonm1@devhub.com,880-234-4372,Mexico
795,Rosene,Follis,Otro,rfollism2@posterous.com,499-447-4706,Colombia
796,Eldon,Guirau,Otro,eguiraum3@harvard.edu,964-350-1930,Colombia
797,Yolane,Leatham,Femenino,yleathamm4@utexas.edu,449-534-1715,Peru
798,Carly,Dudliston,Otro,cdudlistonm5@irs.gov,463-770-6562,Peru
799,Prudence,Gahagan,Femenino,pgahaganm6@cpanel.net,328-531-8412,Argentina
800,Bert,Fargie,Masculino,bfargiem7@canalblog.com,954-791-1945,Mexico
801,Justina,Muckley,Masculino,jmuckleym8@scribd.com,364-836-1549,Mexico
802,Uta,Wissbey,Femenino,uwissbeym9@github.io,718-631-6560,Peru
803,Meier,Clampin,Masculino,mclampinma@elegantthemes.com,401-105-9953,Argentina
804,Odella,Rapkins,Otro,orapkinsmb@ftc.gov,936-344-2200,Colombia
805,Melesa,Denham,Otro,mdenhammc@pen.io,926-914-3123,Mexico
806,Wyndham,Grealey,Masculino,wgrealeymd@loc.gov,313-313-5787,Argentina
807,Amity,Chalkly,Otro,achalklyme@digg.com,937-533-6057,Colombia
808,Barrie,Crilley,Otro,bcrilleymf@discuz.net,432-573-1052,Argentina
809,Mechelle,Endon,Masculino,mendonmg@cnn.com,841-553-4046,Peru
810,Bent,Croote,Otro,bcrootemh@baidu.com,508-254-5112,Peru
811,Simonette,Reder,Masculino,sredermi@sitemeter.com,480-715-1261,Peru
812,Yovonnda,Litster,Femenino,ylitstermj@java.com,819-623-0212,Argentina
813,Irita,Spong,Masculino,ispongmk@miibeian.gov.cn,566-577-0886,Colombia
814,Andy,Lowry,Masculino,alowryml@uol.com.br,986-328-0904,Colombia
815,Joanna,Reddin,Otro,jreddinmm@nasa.gov,537-464-7467,Mexico
816,Cinnamon,Dewdeny,Masculino,cdewdenymn@unc.edu,323-872-7579,Peru
817,Emmaline,Tine,Otro,etinemo@delicious.com,977-826-8623,Colombia
818,Leland,Sphinxe,Femenino,lsphinxemp@tamu.edu,928-391-7316,Colombia
819,Trixie,Samsin,Otro,tsamsinmq@java.com,314-571-4280,Argentina
820,Evaleen,Keech,Masculino,ekeechmr@smh.com.au,293-710-0210,Colombia
821,Linzy,Heasley,Otro,lheasleyms@altervista.org,525-527-3002,Colombia
822,Gualterio,Pfeffle,Masculino,gpfefflemt@ocn.ne.jp,733-957-2742,Mexico
823,Edyth,Kahn,Otro,ekahnmu@google.com.au,602-686-4027,Argentina
824,Herta,Matthieson,Femenino,hmatthiesonmv@exblog.jp,638-315-1237,Peru
825,Ginelle,Felgate,Otro,gfelgatemw@sciencedirect.com,905-998-7663,Mexico
826,Kelwin,Birdis,Otro,kbirdismx@blinklist.com,576-585-3290,Colombia
827,Cheryl,Snodden,Masculino,csnoddenmy@adobe.com,123-646-4340,Argentina
828,Cristy,McGlashan,Masculino,cmcglashanmz@msn.com,690-833-7996,Mexico
829,Christoffer,Sueter,Femenino,csuetern0@nationalgeographic.com,706-689-0129,Mexico
830,Bondon,Tilsley,Masculino,btilsleyn1@time.com,382-961-8706,Colombia
831,Heddi,Chace,Femenino,hchacen2@cbsnews.com,605-684-7938,Venezuela
832,Lucine,Rosbotham,Masculino,lrosbothamn3@addtoany.com,841-492-8874,Peru
833,Rufe,Farnish,Otro,rfarnishn4@sakura.ne.jp,579-958-3325,Colombia
834,Ted,MacNamee,Masculino,tmacnameen5@google.ru,141-620-6716,Colombia
835,Garvy,Langland,Otro,glanglandn6@purevolume.com,208-358-0699,Argentina
836,Bat,Agates,Femenino,bagatesn7@desdev.cn,141-425-1008,Peru
837,Elbert,Piscotti,Femenino,episcottin8@shinystat.com,134-303-6935,Argentina
838,Gustaf,Leversha,Otro,glevershan9@bluehost.com,500-662-0352,Peru
839,Clarissa,Hauger,Femenino,chaugerna@about.com,720-291-4966,Venezuela
840,Jecho,Higginbottam,Femenino,jhigginbottamnb@springer.com,524-546-9823,Peru
841,Lonnard,Brilleman,Otro,lbrillemannc@disqus.com,759-869-1188,Argentina
842,Ranee,MacGillespie,Femenino,rmacgillespiend@bloomberg.com,363-799-9509,Colombia
843,Lezley,Borrowman,Femenino,lborrowmanne@timesonline.co.uk,636-424-4361,Argentina
844,Breena,Johananoff,Femenino,bjohananoffnf@nba.com,716-443-2204,Peru
845,Maddy,Seddon,Otro,mseddonng@t-online.de,347-196-1029,Peru
846,Alard,Ryce,Masculino,arycenh@hostgator.com,487-299-9208,Mexico
847,Victor,Vogel,Femenino,vvogelni@free.fr,721-882-3309,Peru
848,Erinn,Buswell,Otro,ebuswellnj@webeden.co.uk,398-829-8738,Mexico
849,Alla,Pusill,Otro,apusillnk@tinyurl.com,592-303-5815,Peru
850,Silvio,Birtles,Otro,sbirtlesnl@globo.com,443-344-7731,Peru
851,Catlee,Kobelt,Masculino,ckobeltnm@acquirethisname.com,409-792-2087,Colombia
852,Jayme,Siehard,Femenino,jsiehardnn@elegantthemes.com,489-286-4035,Peru
853,Blinnie,Brocklebank,Femenino,bbrocklebankno@cbslocal.com,265-410-5110,Mexico
854,Cameron,Petracek,Femenino,cpetraceknp@phoca.cz,316-105-9717,Chile
855,Dionne,MacCall,Masculino,dmaccallnq@usnews.com,325-582-8326,Venezuela
856,Coleen,Downey,Otro,cdowneynr@sourceforge.net,684-977-1582,Argentina
857,Jillene,Handke,Masculino,jhandkens@macromedia.com,869-922-9293,Peru
858,Townie,Sartin,Femenino,tsartinnt@geocities.jp,240-298-4257,Argentina
859,Damaris,Deetch,Masculino,ddeetchnu@un.org,920-279-1448,Peru
860,Floyd,Sweetenham,Masculino,fsweetenhamnv@usgs.gov,100-693-1224,Argentina
861,Starla,Emanuelov,Masculino,semanuelovnw@nationalgeographic.com,793-412-2199,Peru
862,Jaquelin,McGlaud,Femenino,jmcglaudnx@shutterfly.com,291-652-0260,Mexico
863,Marni,Bruhnicke,Otro,mbruhnickeny@posterous.com,965-723-2461,Argentina
864,Teresa,Jephcote,Masculino,tjephcotenz@amazonaws.com,491-961-9924,Argentina
865,Rosalia,Vinnicombe,Femenino,rvinnicombeo0@gnu.org,609-567-3113,Peru
866,Cynthie,Parminter,Masculino,cparmintero1@paypal.com,514-533-1646,Venezuela
867,Janeczka,Loftin,Masculino,jloftino2@behance.net,109-956-1365,Mexico
868,Marlane,Hammon,Masculino,mhammono3@spotify.com,335-757-4479,Peru
869,Zane,Boyford,Otro,zboyfordo4@vimeo.com,764-613-6136,Colombia
870,Dasie,Feast,Masculino,dfeasto5@mayoclinic.com,857-105-5160,Mexico
871,Hewet,Lichtfoth,Otro,hlichtfotho6@barnesandnoble.com,569-822-2977,Peru
872,Virginia,Jentges,Femenino,vjentgeso7@newsvine.com,412-342-5428,Colombia
873,Melisa,Keble,Femenino,mkebleo8@skype.com,930-529-7285,Colombia
874,Rosalia,Bakes,Femenino,rbakeso9@craigslist.org,601-172-8656,Argentina
875,Dud,Piquard,Masculino,dpiquardoa@cmu.edu,699-153-2322,Peru
876,Cord,Waycott,Masculino,cwaycottob@w3.org,885-610-3109,Peru
877,Caryl,Stanbrooke,Otro,cstanbrookeoc@google.pl,165-137-8756,Peru
878,Stephen,Herreran,Femenino,sherreranod@webmd.com,708-165-9330,Peru
879,Abbey,Tamburi,Otro,atamburioe@unicef.org,389-490-7507,Mexico
880,Roseline,Goodman,Masculino,rgoodmanof@unesco.org,486-841-1888,Mexico
881,Marcella,Gapper,Masculino,mgapperog@economist.com,831-109-0834,Venezuela
882,Frazier,Mazdon,Femenino,fmazdonoh@archive.org,703-574-5993,Peru
883,Carlyle,Ashmore,Otro,cashmoreoi@vk.com,408-316-3061,Argentina
884,Darb,Lassey,Otro,dlasseyoj@sourceforge.net,758-230-6248,Mexico
885,Mickie,Massei,Masculino,mmasseiok@people.com.cn,229-895-1923,Mexico
886,Ferdie,Graith,Masculino,fgraithol@sina.com.cn,129-425-7637,Mexico
887,Annemarie,Revening,Otro,areveningom@hexun.com,490-125-9494,Mexico
888,Mikkel,Edworthie,Masculino,medworthieon@discuz.net,825-857-3027,Colombia
889,Willetta,Dearnly,Masculino,wdearnlyoo@printfriendly.com,909-369-0816,Colombia
890,Gwendolyn,Gaddes,Femenino,ggaddesop@networksolutions.com,504-990-1620,Argentina
891,Trix,Augustin,Otro,taugustinoq@addtoany.com,243-984-2312,Mexico
892,Forbes,Toghill,Otro,ftoghillor@ebay.co.uk,839-525-3838,Peru
893,Travis,Matzel,Femenino,tmatzelos@photobucket.com,199-770-7520,Chile
894,Emylee,Lukins,Otro,elukinsot@usnews.com,719-559-1881,Colombia
895,Gennie,Welbourn,Femenino,gwelbournou@house.gov,530-600-0737,Mexico
896,Laney,Plimmer,Femenino,lplimmerov@4shared.com,989-753-0240,Argentina
897,Valdemar,Geffcock,Otro,vgeffcockow@jimdo.com,581-906-7140,Venezuela
898,Philippe,Aldin,Otro,paldinox@wikipedia.org,981-403-4668,Argentina
899,Lavinia,Doidge,Femenino,ldoidgeoy@instagram.com,487-328-4015,Colombia
900,Vida,Wogdon,Femenino,vwogdonoz@creativecommons.org,557-662-5739,Argentina
901,Retha,Glynn,Masculino,rglynnp0@bizjournals.com,923-478-9512,Mexico
902,Michelle,Dunbleton,Masculino,mdunbletonp1@bandcamp.com,311-981-8485,Colombia
903,Haskell,Levington,Otro,hlevingtonp2@archive.org,345-391-7857,Peru
904,Iggy,Larive,Femenino,ilarivep3@blogs.com,810-979-1588,Argentina
905,Kala,Scargle,Masculino,kscarglep4@disqus.com,904-820-1451,Peru
906,Tracey,Barg,Otro,tbargp5@naver.com,179-467-8907,Peru
907,Barnett,Pitt,Femenino,bpittp6@bbb.org,933-991-2630,Mexico
908,Gerhard,Le Teve,Femenino,gletevep7@ebay.co.uk,179-300-5717,Chile
909,Pris,Jewers,Femenino,pjewersp8@surveymonkey.com,505-700-4351,Peru
910,Ruthy,Jachimak,Otro,rjachimakp9@cpanel.net,494-325-8185,Colombia
911,Elly,Fragino,Otro,efraginopa@marketwatch.com,103-544-5799,Venezuela
912,Jaimie,Hustler,Otro,jhustlerpb@rediff.com,741-883-8673,Colombia
913,Uriel,Oneill,Masculino,uoneillpc@independent.co.uk,403-229-6563,Argentina
914,Lonnard,Crammy,Femenino,lcrammypd@cafepress.com,664-501-8348,Mexico
915,Alanna,Hendricks,Masculino,ahendrickspe@mozilla.com,731-954-1157,Peru
916,Alison,Lagneaux,Masculino,alagneauxpf@hp.com,319-396-9564,Chile
917,Damita,Darrigrand,Femenino,ddarrigrandpg@dagondesign.com,589-141-6510,Peru
918,Edmon,Vreiberg,Femenino,evreibergph@twitter.com,444-181-3379,Peru
919,Kin,Llewellin,Masculino,kllewellinpi@e-recht24.de,155-845-6337,Peru
920,Fredrick,Harrhy,Masculino,fharrhypj@vk.com,497-332-7038,Venezuela
921,Leisha,Whimpenny,Masculino,lwhimpennypk@loc.gov,675-372-9095,Mexico
922,Fanny,McBain,Femenino,fmcbainpl@oaic.gov.au,125-950-3441,Colombia
923,Barbabas,Chasen,Otro,bchasenpm@guardian.co.uk,308-342-6899,Venezuela
924,Ty,Brounsell,Otro,tbrounsellpn@parallels.com,382-878-7376,Argentina
925,Sybil,Sheather,Otro,ssheatherpo@tuttocitta.it,906-288-4592,Argentina
926,Rosie,Pacht,Otro,rpachtpp@nps.gov,616-374-4643,Peru
927,Lissy,Canty,Femenino,lcantypq@blinklist.com,974-273-6456,Argentina
928,Danila,Callingham,Femenino,dcallinghampr@so-net.ne.jp,490-128-0638,Peru
929,Luther,Costelloe,Otro,lcostelloeps@google.com.hk,456-816-9445,Argentina
930,Oneida,Hegarty,Masculino,ohegartypt@mapy.cz,630-186-7008,Peru
931,Peria,Tremain,Masculino,ptremainpu@php.net,572-180-3096,Argentina
932,Netty,Manlow,Femenino,nmanlowpv@prnewswire.com,209-726-6866,Chile
933,Halsey,Ganley,Masculino,hganleypw@paypal.com,237-413-3812,Peru
934,Dario,Daltry,Otro,ddaltrypx@youtube.com,986-721-6447,Peru
935,Giacobo,Topham,Otro,gtophampy@blog.com,721-664-1656,Argentina
936,Bradney,Calley,Otro,bcalleypz@miitbeian.gov.cn,738-531-1617,Mexico
937,Stephine,Rush,Otro,srushq0@cmu.edu,862-425-7084,Venezuela
938,Rebecka,Melson,Femenino,rmelsonq1@independent.co.uk,404-305-1639,Colombia
939,Avivah,Barth,Otro,abarthq2@harvard.edu,379-132-4897,Venezuela
940,Benson,Patman,Femenino,bpatmanq3@creativecommons.org,531-480-2856,Argentina
941,Jerrine,Mordy,Femenino,jmordyq4@zimbio.com,485-608-1811,Argentina
942,Talya,Huyge,Masculino,thuygeq5@miibeian.gov.cn,270-586-6223,Colombia
943,Marcie,Castelletti,Masculino,mcastellettiq6@google.co.uk,897-257-6118,Peru
944,Valaria,Filippo,Otro,vfilippoq7@dmoz.org,188-461-2377,Peru
945,Abby,Ulyatt,Masculino,aulyattq8@blogs.com,491-748-4840,Peru
946,Phelia,Housby,Masculino,phousbyq9@wunderground.com,947-354-5151,Chile
947,Denny,Rubbert,Masculino,drubbertqa@home.pl,500-463-1884,Colombia
948,Donny,Di Ruggiero,Femenino,ddiruggieroqb@hubpages.com,940-891-5340,Mexico
949,Nils,Thunder,Otro,nthunderqc@cocolog-nifty.com,397-113-4643,Peru
950,Karilynn,Knowlman,Otro,kknowlmanqd@mit.edu,773-227-2901,Peru
951,Rebbecca,Fforde,Otro,rffordeqe@123-reg.co.uk,686-179-4786,Argentina
952,Kaila,Kardos,Otro,kkardosqf@goo.ne.jp,672-997-8014,Colombia
953,Mohandas,MacGillreich,Masculino,mmacgillreichqg@elpais.com,900-689-1485,Peru
954,Peta,Dominicacci,Femenino,pdominicacciqh@vimeo.com,173-251-3760,Peru
955,Kania,Batthew,Otro,kbatthewqi@discuz.net,241-512-9883,Argentina
956,Felice,Dryden,Femenino,fdrydenqj@mtv.com,386-622-4235,Peru
957,Staci,Khrishtafovich,Masculino,skhrishtafovichqk@deviantart.com,652-374-4647,Peru
958,Rosabella,Malkinson,Otro,rmalkinsonql@disqus.com,578-730-9073,Colombia
959,Greggory,Sarton,Masculino,gsartonqm@earthlink.net,889-929-2843,Peru
960,Adella,Doubleday,Femenino,adoubledayqn@reverbnation.com,880-122-1453,Colombia
961,Dorella,Handscomb,Femenino,dhandscombqo@chron.com,418-655-9182,Venezuela
962,Natalina,Murrey,Femenino,nmurreyqp@walmart.com,971-571-7612,Mexico
963,Curr,Derobert,Masculino,cderobertqq@blinklist.com,163-334-4353,Mexico
964,Vincenz,Giannassi,Otro,vgiannassiqr@statcounter.com,149-876-6859,Colombia
965,Fanya,McBeth,Masculino,fmcbethqs@myspace.com,534-802-8720,Colombia
966,Mendie,Stronach,Masculino,mstronachqt@hhs.gov,638-945-1883,Mexico
967,Drake,Yell,Otro,dyellqu@alexa.com,720-834-1891,Mexico
968,Cleve,Kermit,Otro,ckermitqv@mediafire.com,124-387-3071,Colombia
969,Tarra,Haddock,Masculino,thaddockqw@plala.or.jp,859-916-8533,Colombia
970,Elianora,Durbin,Masculino,edurbinqx@yandex.ru,185-184-8259,Colombia
971,Inessa,Sollom,Femenino,isollomqy@sakura.ne.jp,139-711-2753,Peru
972,Danna,Peffer,Femenino,dpefferqz@washingtonpost.com,739-685-9216,Colombia
973,Hector,Clackers,Otro,hclackersr0@narod.ru,346-683-5501,Peru
974,Lucais,Howie,Otro,lhowier1@desdev.cn,660-612-9891,Chile
975,Tiphany,Maylor,Femenino,tmaylorr2@adobe.com,598-850-6488,Argentina
976,Giulia,Gorst,Masculino,ggorstr3@is.gd,622-265-1804,Mexico
977,Annalee,Horlick,Masculino,ahorlickr4@4shared.com,926-354-1926,Colombia
978,Sandie,Whitney,Masculino,swhitneyr5@lulu.com,485-256-7544,Chile
979,Orlando,Pennoni,Masculino,opennonir6@wisc.edu,111-446-0179,Argentina
980,Claiborn,Enderson,Otro,cendersonr7@ustream.tv,153-571-1133,Mexico
981,Jacky,Motten,Femenino,jmottenr8@sourceforge.net,997-149-5365,Argentina
982,See,Kern,Femenino,skernr9@un.org,142-367-3385,Colombia
983,Shelby,Wandless,Masculino,swandlessra@icio.us,273-454-9031,Venezuela
984,Carine,Mixhel,Otro,cmixhelrb@sciencedirect.com,825-695-0543,Colombia
985,Philippe,Juanes,Otro,pjuanesrc@tmall.com,723-542-6105,Argentina
986,Liza,Kimmins,Otro,lkimminsrd@godaddy.com,819-477-0502,Colombia
987,Ike,Arnoll,Masculino,iarnollre@telegraph.co.uk,733-595-1656,Colombia
988,Ardyth,Gilyatt,Masculino,agilyattrf@51.la,291-337-9017,Argentina
989,Alan,Arnett,Femenino,aarnettrg@wikimedia.org,812-324-8195,Peru
990,Jenine,Shillabear,Femenino,jshillabearrh@ed.gov,245-141-6425,Peru
991,Clay,Waiton,Otro,cwaitonri@jiathis.com,577-842-4187,Mexico
992,Karolina,Lockner,Femenino,klocknerrj@google.de,644-532-0260,Argentina
993,Orin,Gwilym,Masculino,ogwilymrk@sciencedirect.com,630-395-6442,Peru
994,Walton,Bartleet,Otro,wbartleetrl@cpanel.net,105-859-8924,Mexico
995,Jose,Ivanikhin,Femenino,jivanikhinrm@indiatimes.com,114-724-9033,Chile
996,Cybill,Gregoli,Femenino,cgregolirn@canalblog.com,401-321-5862,Peru
997,Claudian,Deignan,Masculino,cdeignanro@time.com,616-752-2513,Venezuela
998,Brana,Godmar,Masculino,bgodmarrp@networksolutions.com,619-593-0811,Mexico
999,Dru,Barme,Masculino,dbarmerq@geocities.com,291-283-9942,Mexico
1000,Mommy,Flasby,Femenino,mflasbyrr@a8.net,958-143-7544,Venezuela
